-- MySQL dump 10.13  Distrib 5.7.17, for macos10.12 (x86_64)
--
-- Host: localhost    Database: staff
-- ------------------------------------------------------
-- Server version	5.7.17

/*!40101 SET @OLD_CHARACTER_SET_CLIENT=@@CHARACTER_SET_CLIENT */;
/*!40101 SET @OLD_CHARACTER_SET_RESULTS=@@CHARACTER_SET_RESULTS */;
/*!40101 SET @OLD_COLLATION_CONNECTION=@@COLLATION_CONNECTION */;
/*!40101 SET NAMES utf8 */;
/*!40103 SET @OLD_TIME_ZONE=@@TIME_ZONE */;
/*!40103 SET TIME_ZONE='+00:00' */;
/*!40014 SET @OLD_UNIQUE_CHECKS=@@UNIQUE_CHECKS, UNIQUE_CHECKS=0 */;
/*!40014 SET @OLD_FOREIGN_KEY_CHECKS=@@FOREIGN_KEY_CHECKS, FOREIGN_KEY_CHECKS=0 */;
/*!40101 SET @OLD_SQL_MODE=@@SQL_MODE, SQL_MODE='NO_AUTO_VALUE_ON_ZERO' */;
/*!40111 SET @OLD_SQL_NOTES=@@SQL_NOTES, SQL_NOTES=0 */;

--
-- Table structure for table `education`
--

create database if not exists staff;
use staff;

DROP TABLE IF EXISTS `education`;
/*!40101 SET @saved_cs_client     = @@character_set_client */;
/*!40101 SET character_set_client = utf8 */;
CREATE TABLE `education` (
  `id` bigint(20) NOT NULL AUTO_INCREMENT,
  `employee_id` bigint(20) NOT NULL COMMENT '员工ID',
  `start` date DEFAULT NULL COMMENT '学习起始时间',
  `end` date DEFAULT NULL COMMENT '学习结束时间',
  `major` varchar(225) DEFAULT NULL COMMENT '专业',
  `record` int(4) DEFAULT NULL COMMENT '学历',
  `certificate` varchar(225) DEFAULT NULL COMMENT '证书',
  PRIMARY KEY (`id`),
  KEY `FK_ID` (`employee_id`),
  CONSTRAINT `FK_ID` FOREIGN KEY (`employee_id`) REFERENCES `employee` (`id`)
) ENGINE=InnoDB DEFAULT CHARSET=utf8;
/*!40101 SET character_set_client = @saved_cs_client */;

--
-- Dumping data for table `education`
--

LOCK TABLES `education` WRITE;
/*!40000 ALTER TABLE `education` DISABLE KEYS */;
/*!40000 ALTER TABLE `education` ENABLE KEYS */;
UNLOCK TABLES;

--
-- Table structure for table `emergency_contact`
--

DROP TABLE IF EXISTS `emergency_contact`;
/*!40101 SET @saved_cs_client     = @@character_set_client */;
/*!40101 SET character_set_client = utf8 */;
CREATE TABLE `emergency_contact` (
  `id` bigint(20) NOT NULL AUTO_INCREMENT,
  `employee_id` bigint(20) NOT NULL COMMENT '员工ID',
  `name` varchar(225) DEFAULT NULL COMMENT '姓名',
  `relation` varchar(225) DEFAULT NULL COMMENT '关系',
  `phone` varchar(225) DEFAULT NULL COMMENT '联系电话',
  `address` varchar(225) DEFAULT NULL COMMENT '单位或住址',
  PRIMARY KEY (`id`),
  KEY `FK_emergency_contact` (`employee_id`),
  CONSTRAINT `FK_emergency_contact` FOREIGN KEY (`employee_id`) REFERENCES `employee` (`id`)
) ENGINE=InnoDB DEFAULT CHARSET=utf8;
/*!40101 SET character_set_client = @saved_cs_client */;

--
-- Dumping data for table `emergency_contact`
--

LOCK TABLES `emergency_contact` WRITE;
/*!40000 ALTER TABLE `emergency_contact` DISABLE KEYS */;
/*!40000 ALTER TABLE `emergency_contact` ENABLE KEYS */;
UNLOCK TABLES;

--
-- Table structure for table `employee`
--

DROP TABLE IF EXISTS `employee`;
/*!40101 SET @saved_cs_client     = @@character_set_client */;
/*!40101 SET character_set_client = utf8 */;
CREATE TABLE `employee` (
  `id` bigint(20) NOT NULL AUTO_INCREMENT,
  `user_id` bigint(20) NOT NULL COMMENT '用户ID',
  `position` varchar(225) DEFAULT NULL COMMENT '岗位',
  `name` varchar(225) DEFAULT NULL COMMENT '姓名',
  `birth` date DEFAULT NULL COMMENT '出生日期',
  `sex` int(2) DEFAULT NULL COMMENT '性别',
  `height` float DEFAULT NULL COMMENT '身高',
  `weight` float DEFAULT NULL COMMENT '体重',
  `place` varchar(255) DEFAULT NULL COMMENT '籍贯',
  `nation` varchar(225) DEFAULT NULL COMMENT '民族',
  `phone` varchar(225) DEFAULT NULL COMMENT '联系电话',
  `ID_card` varchar(225) DEFAULT NULL COMMENT '身份证号',
  `school` varchar(225) DEFAULT NULL COMMENT '毕业学校',
  `major` varchar(225) DEFAULT NULL COMMENT '专业',
  `education` int(4) DEFAULT NULL COMMENT '学历',
  `location` varchar(225) DEFAULT NULL COMMENT '户口所在地',
  `address` varchar(225) DEFAULT NULL COMMENT '居住地址',
  `wechat` varchar(225) DEFAULT NULL COMMENT '微信号',
  `email` varchar(225) DEFAULT NULL COMMENT '邮箱',
  `marry` int(4) DEFAULT NULL COMMENT '婚姻状况',
  `in_time` date DEFAULT NULL COMMENT '入职时间',
  `status` int(4) DEFAULT NULL COMMENT '员工状态/1.录用/2.停职',
  PRIMARY KEY (`id`),
  KEY `fk_user_id` (`user_id`),
  CONSTRAINT `fk_user_id` FOREIGN KEY (`user_id`) REFERENCES `sys_user` (`id`)
) ENGINE=InnoDB DEFAULT CHARSET=utf8;
/*!40101 SET character_set_client = @saved_cs_client */;

--
-- Dumping data for table `employee`
--

LOCK TABLES `employee` WRITE;
/*!40000 ALTER TABLE `employee` DISABLE KEYS */;
/*!40000 ALTER TABLE `employee` ENABLE KEYS */;
UNLOCK TABLES;

--
-- Table structure for table `experience`
--

DROP TABLE IF EXISTS `experience`;
/*!40101 SET @saved_cs_client     = @@character_set_client */;
/*!40101 SET character_set_client = utf8 */;
CREATE TABLE `experience` (
  `id` bigint(20) NOT NULL AUTO_INCREMENT,
  `employee_id` bigint(20) NOT NULL COMMENT '员工ID',
  `reason` varchar(255) DEFAULT NULL COMMENT '离职原因',
  `company` varchar(225) NOT NULL COMMENT '单位',
  `work` varchar(255) DEFAULT NULL COMMENT '工作',
  `position` varchar(255) DEFAULT NULL COMMENT '职位',
  `start` date DEFAULT NULL COMMENT '工作起始时间',
  `end` date DEFAULT NULL COMMENT '工作结束时间',
  PRIMARY KEY (`id`),
  KEY `FK_experience` (`employee_id`),
  CONSTRAINT `FK_experience` FOREIGN KEY (`employee_id`) REFERENCES `employee` (`id`)
) ENGINE=InnoDB DEFAULT CHARSET=utf8;
/*!40101 SET character_set_client = @saved_cs_client */;

--
-- Dumping data for table `experience`
--

LOCK TABLES `experience` WRITE;
/*!40000 ALTER TABLE `experience` DISABLE KEYS */;
/*!40000 ALTER TABLE `experience` ENABLE KEYS */;
UNLOCK TABLES;

--
-- Table structure for table `family`
--

DROP TABLE IF EXISTS `family`;
/*!40101 SET @saved_cs_client     = @@character_set_client */;
/*!40101 SET character_set_client = utf8 */;
CREATE TABLE `family` (
  `id` bigint(20) NOT NULL AUTO_INCREMENT,
  `employee_id` bigint(20) NOT NULL COMMENT '员工ID',
  `name` varchar(225) DEFAULT NULL COMMENT '姓名',
  `relation` varchar(225) DEFAULT NULL COMMENT '关系',
  `contact` varchar(225) DEFAULT NULL COMMENT '联系方式',
  `age` int(4) DEFAULT NULL COMMENT '年龄',
  `company` varchar(255) DEFAULT NULL COMMENT '工作单位',
  `position` varchar(255) DEFAULT NULL COMMENT '职位',
  PRIMARY KEY (`id`),
  KEY `FK_family` (`employee_id`),
  CONSTRAINT `FK_family` FOREIGN KEY (`employee_id`) REFERENCES `employee` (`id`)
) ENGINE=InnoDB DEFAULT CHARSET=utf8;
/*!40101 SET character_set_client = @saved_cs_client */;

--
-- Dumping data for table `family`
--

LOCK TABLES `family` WRITE;
/*!40000 ALTER TABLE `family` DISABLE KEYS */;
/*!40000 ALTER TABLE `family` ENABLE KEYS */;
UNLOCK TABLES;

--
-- Table structure for table `sys_authority`
--

DROP TABLE IF EXISTS `sys_authority`;
/*!40101 SET @saved_cs_client     = @@character_set_client */;
/*!40101 SET character_set_client = utf8 */;
CREATE TABLE `sys_authority` (
  `id` bigint(20) NOT NULL AUTO_INCREMENT,
  `parent_authority_id` bigint(20) DEFAULT NULL,
  `name` varchar(100) DEFAULT NULL,
  `code` varchar(100) DEFAULT NULL,
  `module` varchar(45) DEFAULT NULL COMMENT '模块名',
  PRIMARY KEY (`id`),
  KEY `parent` (`parent_authority_id`)
) ENGINE=InnoDB AUTO_INCREMENT=3 DEFAULT CHARSET=utf8;
/*!40101 SET character_set_client = @saved_cs_client */;

--
-- Dumping data for table `sys_authority`
--

LOCK TABLES `sys_authority` WRITE;
/*!40000 ALTER TABLE `sys_authority` DISABLE KEYS */;
INSERT INTO `sys_authority` VALUES (1,NULL,'审核商家','merchant2','商户模块'),(2,NULL,'测试','test','系统模块');
/*!40000 ALTER TABLE `sys_authority` ENABLE KEYS */;
UNLOCK TABLES;

--
-- Table structure for table `sys_bizconfig`
--

DROP TABLE IF EXISTS `sys_bizconfig`;
/*!40101 SET @saved_cs_client     = @@character_set_client */;
/*!40101 SET character_set_client = utf8 */;
CREATE TABLE `sys_bizconfig` (
  `id` bigint(20) NOT NULL AUTO_INCREMENT,
  `name` varchar(45) DEFAULT NULL COMMENT '参数名',
  `value` text COMMENT '参数值',
  `remark` varchar(255) DEFAULT NULL COMMENT '备注',
  `createdTime` datetime DEFAULT NULL COMMENT '创建时间',
  `isRichText` tinyint(1) NOT NULL DEFAULT '0' COMMENT '是否是富文本',
  PRIMARY KEY (`id`)
) ENGINE=InnoDB DEFAULT CHARSET=utf8;
/*!40101 SET character_set_client = @saved_cs_client */;

--
-- Dumping data for table `sys_bizconfig`
--

LOCK TABLES `sys_bizconfig` WRITE;
/*!40000 ALTER TABLE `sys_bizconfig` DISABLE KEYS */;
/*!40000 ALTER TABLE `sys_bizconfig` ENABLE KEYS */;
UNLOCK TABLES;

--
-- Table structure for table `sys_city`
--

DROP TABLE IF EXISTS `sys_city`;
/*!40101 SET @saved_cs_client     = @@character_set_client */;
/*!40101 SET character_set_client = utf8 */;
CREATE TABLE `sys_city` (
  `id` bigint(20) NOT NULL AUTO_INCREMENT,
  `name` varchar(40) DEFAULT NULL COMMENT '名称',
  `province_id` bigint(20) DEFAULT NULL COMMENT '省份',
  `isHot` tinyint(4) DEFAULT '0' COMMENT '是否是热门城市',
  `fullletter` varchar(50) DEFAULT NULL COMMENT '全拼音',
  `letter` varchar(1) DEFAULT NULL COMMENT '首字母',
  `code` varchar(45) DEFAULT NULL,
  PRIMARY KEY (`id`),
  KEY `province_id_idx` (`province_id`),
  CONSTRAINT `province_id` FOREIGN KEY (`province_id`) REFERENCES `sys_province` (`id`) ON DELETE NO ACTION ON UPDATE NO ACTION
) ENGINE=InnoDB AUTO_INCREMENT=345 DEFAULT CHARSET=utf8;
/*!40101 SET character_set_client = @saved_cs_client */;

--
-- Dumping data for table `sys_city`
--

LOCK TABLES `sys_city` WRITE;
/*!40000 ALTER TABLE `sys_city` DISABLE KEYS */;
INSERT INTO `sys_city` VALUES (1,'北京市',1,0,NULL,NULL,'110100'),(2,'天津市',2,0,NULL,NULL,'120100'),(3,'石家庄市',3,0,NULL,NULL,'130100'),(4,'唐山市',3,0,NULL,NULL,'130200'),(5,'秦皇岛市',3,0,NULL,NULL,'130300'),(6,'邯郸市',3,0,NULL,NULL,'130400'),(7,'邢台市',3,0,NULL,NULL,'130500'),(8,'保定市',3,0,NULL,NULL,'130600'),(9,'张家口市',3,0,NULL,NULL,'130700'),(10,'承德市',3,0,NULL,NULL,'130800'),(11,'沧州市',3,0,NULL,NULL,'130900'),(12,'廊坊市',3,0,NULL,NULL,'131000'),(13,'衡水市',3,0,NULL,NULL,'131100'),(14,'省直辖县级行政区划',3,0,NULL,NULL,'139000'),(15,'太原市',4,0,NULL,NULL,'140100'),(16,'大同市',4,0,NULL,NULL,'140200'),(17,'阳泉市',4,0,NULL,NULL,'140300'),(18,'长治市',4,0,NULL,NULL,'140400'),(19,'晋城市',4,0,NULL,NULL,'140500'),(20,'朔州市',4,0,NULL,NULL,'140600'),(21,'晋中市',4,0,NULL,NULL,'140700'),(22,'运城市',4,0,NULL,NULL,'140800'),(23,'忻州市',4,0,NULL,NULL,'140900'),(24,'临汾市',4,0,NULL,NULL,'141000'),(25,'吕梁市',4,0,NULL,NULL,'141100'),(26,'呼和浩特市',5,0,NULL,NULL,'150100'),(27,'包头市',5,0,NULL,NULL,'150200'),(28,'乌海市',5,0,NULL,NULL,'150300'),(29,'赤峰市',5,0,NULL,NULL,'150400'),(30,'通辽市',5,0,NULL,NULL,'150500'),(31,'鄂尔多斯市',5,0,NULL,NULL,'150600'),(32,'呼伦贝尔市',5,0,NULL,NULL,'150700'),(33,'巴彦淖尔市',5,0,NULL,NULL,'150800'),(34,'乌兰察布市',5,0,NULL,NULL,'150900'),(35,'兴安盟',5,0,NULL,NULL,'152200'),(36,'锡林郭勒盟',5,0,NULL,NULL,'152500'),(37,'阿拉善盟',5,0,NULL,NULL,'152900'),(38,'沈阳市',6,0,NULL,NULL,'210100'),(39,'大连市',6,0,NULL,NULL,'210200'),(40,'鞍山市',6,0,NULL,NULL,'210300'),(41,'抚顺市',6,0,NULL,NULL,'210400'),(42,'本溪市',6,0,NULL,NULL,'210500'),(43,'丹东市',6,0,NULL,NULL,'210600'),(44,'锦州市',6,0,NULL,NULL,'210700'),(45,'营口市',6,0,NULL,NULL,'210800'),(46,'阜新市',6,0,NULL,NULL,'210900'),(47,'辽阳市',6,0,NULL,NULL,'211000'),(48,'盘锦市',6,0,NULL,NULL,'211100'),(49,'铁岭市',6,0,NULL,NULL,'211200'),(50,'朝阳市',6,0,NULL,NULL,'211300'),(51,'葫芦岛市',6,0,NULL,NULL,'211400'),(52,'长春市',7,0,NULL,NULL,'220100'),(53,'吉林市',7,0,NULL,NULL,'220200'),(54,'四平市',7,0,NULL,NULL,'220300'),(55,'辽源市',7,0,NULL,NULL,'220400'),(56,'通化市',7,0,NULL,NULL,'220500'),(57,'白山市',7,0,NULL,NULL,'220600'),(58,'松原市',7,0,NULL,NULL,'220700'),(59,'白城市',7,0,NULL,NULL,'220800'),(60,'延边朝鲜族自治州',7,0,NULL,NULL,'222400'),(61,'哈尔滨市',8,0,NULL,NULL,'230100'),(62,'齐齐哈尔市',8,0,NULL,NULL,'230200'),(63,'鸡西市',8,0,NULL,NULL,'230300'),(64,'鹤岗市',8,0,NULL,NULL,'230400'),(65,'双鸭山市',8,0,NULL,NULL,'230500'),(66,'大庆市',8,0,NULL,NULL,'230600'),(67,'伊春市',8,0,NULL,NULL,'230700'),(68,'佳木斯市',8,0,NULL,NULL,'230800'),(69,'七台河市',8,0,NULL,NULL,'230900'),(70,'牡丹江市',8,0,NULL,NULL,'231000'),(71,'黑河市',8,0,NULL,NULL,'231100'),(72,'绥化市',8,0,NULL,NULL,'231200'),(73,'大兴安岭地区',8,0,NULL,NULL,'232700'),(74,'上海市',9,0,NULL,NULL,'310100'),(75,'南京市',10,0,NULL,NULL,'320100'),(76,'无锡市',10,0,NULL,NULL,'320200'),(77,'徐州市',10,0,NULL,NULL,'320300'),(78,'常州市',10,0,NULL,NULL,'320400'),(79,'苏州市',10,0,NULL,NULL,'320500'),(80,'南通市',10,0,NULL,NULL,'320600'),(81,'连云港市',10,0,NULL,NULL,'320700'),(82,'淮安市',10,0,NULL,NULL,'320800'),(83,'盐城市',10,0,NULL,NULL,'320900'),(84,'扬州市',10,0,NULL,NULL,'321000'),(85,'镇江市',10,0,NULL,NULL,'321100'),(86,'泰州市',10,0,NULL,NULL,'321200'),(87,'宿迁市',10,0,NULL,NULL,'321300'),(88,'杭州市',11,0,NULL,NULL,'330100'),(89,'宁波市',11,0,NULL,NULL,'330200'),(90,'温州市',11,0,NULL,NULL,'330300'),(91,'嘉兴市',11,0,NULL,NULL,'330400'),(92,'湖州市',11,0,NULL,NULL,'330500'),(93,'绍兴市',11,0,NULL,NULL,'330600'),(94,'金华市',11,0,NULL,NULL,'330700'),(95,'衢州市',11,0,NULL,NULL,'330800'),(96,'舟山市',11,0,NULL,NULL,'330900'),(97,'台州市',11,0,NULL,NULL,'331000'),(98,'丽水市',11,0,NULL,NULL,'331100'),(99,'合肥市',12,0,NULL,NULL,'340100'),(100,'芜湖市',12,0,NULL,NULL,'340200'),(101,'蚌埠市',12,0,NULL,NULL,'340300'),(102,'淮南市',12,0,NULL,NULL,'340400'),(103,'马鞍山市',12,0,NULL,NULL,'340500'),(104,'淮北市',12,0,NULL,NULL,'340600'),(105,'铜陵市',12,0,NULL,NULL,'340700'),(106,'安庆市',12,0,NULL,NULL,'340800'),(107,'黄山市',12,0,NULL,NULL,'341000'),(108,'滁州市',12,0,NULL,NULL,'341100'),(109,'阜阳市',12,0,NULL,NULL,'341200'),(110,'宿州市',12,0,NULL,NULL,'341300'),(111,'六安市',12,0,NULL,NULL,'341500'),(112,'亳州市',12,0,NULL,NULL,'341600'),(113,'池州市',12,0,NULL,NULL,'341700'),(114,'宣城市',12,0,NULL,NULL,'341800'),(115,'福州市',13,0,NULL,NULL,'350100'),(116,'厦门市',13,0,NULL,NULL,'350200'),(117,'莆田市',13,0,NULL,NULL,'350300'),(118,'三明市',13,0,NULL,NULL,'350400'),(119,'泉州市',13,0,NULL,NULL,'350500'),(120,'漳州市',13,0,NULL,NULL,'350600'),(121,'南平市',13,0,NULL,NULL,'350700'),(122,'龙岩市',13,0,NULL,NULL,'350800'),(123,'宁德市',13,0,NULL,NULL,'350900'),(124,'南昌市',14,0,NULL,NULL,'360100'),(125,'景德镇市',14,0,NULL,NULL,'360200'),(126,'萍乡市',14,0,NULL,NULL,'360300'),(127,'九江市',14,0,NULL,NULL,'360400'),(128,'新余市',14,0,NULL,NULL,'360500'),(129,'鹰潭市',14,0,NULL,NULL,'360600'),(130,'赣州市',14,0,NULL,NULL,'360700'),(131,'吉安市',14,0,NULL,NULL,'360800'),(132,'宜春市',14,0,NULL,NULL,'360900'),(133,'抚州市',14,0,NULL,NULL,'361000'),(134,'上饶市',14,0,NULL,NULL,'361100'),(135,'济南市',15,0,NULL,NULL,'370100'),(136,'青岛市',15,0,NULL,NULL,'370200'),(137,'淄博市',15,0,NULL,NULL,'370300'),(138,'枣庄市',15,0,NULL,NULL,'370400'),(139,'东营市',15,0,NULL,NULL,'370500'),(140,'烟台市',15,0,NULL,NULL,'370600'),(141,'潍坊市',15,0,NULL,NULL,'370700'),(142,'济宁市',15,0,NULL,NULL,'370800'),(143,'泰安市',15,0,NULL,NULL,'370900'),(144,'威海市',15,0,NULL,NULL,'371000'),(145,'日照市',15,0,NULL,NULL,'371100'),(146,'莱芜市',15,0,NULL,NULL,'371200'),(147,'临沂市',15,0,NULL,NULL,'371300'),(148,'德州市',15,0,NULL,NULL,'371400'),(149,'聊城市',15,0,NULL,NULL,'371500'),(150,'滨州市',15,0,NULL,NULL,'371600'),(151,'菏泽市',15,0,NULL,NULL,'371700'),(152,'郑州市',16,0,NULL,NULL,'410100'),(153,'开封市',16,0,NULL,NULL,'410200'),(154,'洛阳市',16,0,NULL,NULL,'410300'),(155,'平顶山市',16,0,NULL,NULL,'410400'),(156,'安阳市',16,0,NULL,NULL,'410500'),(157,'鹤壁市',16,0,NULL,NULL,'410600'),(158,'新乡市',16,0,NULL,NULL,'410700'),(159,'焦作市',16,0,NULL,NULL,'410800'),(160,'濮阳市',16,0,NULL,NULL,'410900'),(161,'许昌市',16,0,NULL,NULL,'411000'),(162,'漯河市',16,0,NULL,NULL,'411100'),(163,'三门峡市',16,0,NULL,NULL,'411200'),(164,'南阳市',16,0,NULL,NULL,'411300'),(165,'商丘市',16,0,NULL,NULL,'411400'),(166,'信阳市',16,0,NULL,NULL,'411500'),(167,'周口市',16,0,NULL,NULL,'411600'),(168,'驻马店市',16,0,NULL,NULL,'411700'),(169,'省直辖县级行政区划',16,0,NULL,NULL,'419000'),(170,'武汉市',17,0,NULL,NULL,'420100'),(171,'黄石市',17,0,NULL,NULL,'420200'),(172,'十堰市',17,0,NULL,NULL,'420300'),(173,'宜昌市',17,0,NULL,NULL,'420500'),(174,'襄阳市',17,0,NULL,NULL,'420600'),(175,'鄂州市',17,0,NULL,NULL,'420700'),(176,'荆门市',17,0,NULL,NULL,'420800'),(177,'孝感市',17,0,NULL,NULL,'420900'),(178,'荆州市',17,0,NULL,NULL,'421000'),(179,'黄冈市',17,0,NULL,NULL,'421100'),(180,'咸宁市',17,0,NULL,NULL,'421200'),(181,'随州市',17,0,NULL,NULL,'421300'),(182,'恩施土家族苗族自治州',17,0,NULL,NULL,'422800'),(183,'省直辖县级行政区划',17,0,NULL,NULL,'429000'),(184,'长沙市',18,0,NULL,NULL,'430100'),(185,'株洲市',18,0,NULL,NULL,'430200'),(186,'湘潭市',18,0,NULL,NULL,'430300'),(187,'衡阳市',18,0,NULL,NULL,'430400'),(188,'邵阳市',18,0,NULL,NULL,'430500'),(189,'岳阳市',18,0,NULL,NULL,'430600'),(190,'常德市',18,0,NULL,NULL,'430700'),(191,'张家界市',18,0,NULL,NULL,'430800'),(192,'益阳市',18,0,NULL,NULL,'430900'),(193,'郴州市',18,0,NULL,NULL,'431000'),(194,'永州市',18,0,NULL,NULL,'431100'),(195,'怀化市',18,0,NULL,NULL,'431200'),(196,'娄底市',18,0,NULL,NULL,'431300'),(197,'湘西土家族苗族自治州',18,0,NULL,NULL,'433100'),(198,'广州市',19,0,NULL,NULL,'440100'),(199,'韶关市',19,0,NULL,NULL,'440200'),(200,'深圳市',19,0,NULL,NULL,'440300'),(201,'珠海市',19,0,NULL,NULL,'440400'),(202,'汕头市',19,0,NULL,NULL,'440500'),(203,'佛山市',19,0,NULL,NULL,'440600'),(204,'江门市',19,0,NULL,NULL,'440700'),(205,'湛江市',19,0,NULL,NULL,'440800'),(206,'茂名市',19,0,NULL,NULL,'440900'),(207,'肇庆市',19,0,NULL,NULL,'441200'),(208,'惠州市',19,0,NULL,NULL,'441300'),(209,'梅州市',19,0,NULL,NULL,'441400'),(210,'汕尾市',19,0,NULL,NULL,'441500'),(211,'河源市',19,0,NULL,NULL,'441600'),(212,'阳江市',19,0,NULL,NULL,'441700'),(213,'清远市',19,0,NULL,NULL,'441800'),(214,'东莞市',19,0,NULL,NULL,'441900'),(215,'中山市',19,0,NULL,NULL,'442000'),(216,'潮州市',19,0,NULL,NULL,'445100'),(217,'揭阳市',19,0,NULL,NULL,'445200'),(218,'云浮市',19,0,NULL,NULL,'445300'),(219,'南宁市',20,0,NULL,NULL,'450100'),(220,'柳州市',20,0,NULL,NULL,'450200'),(221,'桂林市',20,0,NULL,NULL,'450300'),(222,'梧州市',20,0,NULL,NULL,'450400'),(223,'北海市',20,0,NULL,NULL,'450500'),(224,'防城港市',20,0,NULL,NULL,'450600'),(225,'钦州市',20,0,NULL,NULL,'450700'),(226,'贵港市',20,0,NULL,NULL,'450800'),(227,'玉林市',20,0,NULL,NULL,'450900'),(228,'百色市',20,0,NULL,NULL,'451000'),(229,'贺州市',20,0,NULL,NULL,'451100'),(230,'河池市',20,0,NULL,NULL,'451200'),(231,'来宾市',20,0,NULL,NULL,'451300'),(232,'崇左市',20,0,NULL,NULL,'451400'),(233,'海口市',21,0,NULL,NULL,'460100'),(234,'三亚市',21,0,NULL,NULL,'460200'),(235,'三沙市',21,0,NULL,NULL,'460300'),(236,'儋州市',21,0,NULL,NULL,'460400'),(237,'省直辖县级行政区划',21,0,NULL,NULL,'469000'),(238,'重庆市',22,0,NULL,NULL,'500100'),(239,'县',22,0,NULL,NULL,'500200'),(240,'成都市',23,0,NULL,NULL,'510100'),(241,'自贡市',23,0,NULL,NULL,'510300'),(242,'攀枝花市',23,0,NULL,NULL,'510400'),(243,'泸州市',23,0,NULL,NULL,'510500'),(244,'德阳市',23,0,NULL,NULL,'510600'),(245,'绵阳市',23,0,NULL,NULL,'510700'),(246,'广元市',23,0,NULL,NULL,'510800'),(247,'遂宁市',23,0,NULL,NULL,'510900'),(248,'内江市',23,0,NULL,NULL,'511000'),(249,'乐山市',23,0,NULL,NULL,'511100'),(250,'南充市',23,0,NULL,NULL,'511300'),(251,'眉山市',23,0,NULL,NULL,'511400'),(252,'宜宾市',23,0,NULL,NULL,'511500'),(253,'广安市',23,0,NULL,NULL,'511600'),(254,'达州市',23,0,NULL,NULL,'511700'),(255,'雅安市',23,0,NULL,NULL,'511800'),(256,'巴中市',23,0,NULL,NULL,'511900'),(257,'资阳市',23,0,NULL,NULL,'512000'),(258,'阿坝藏族羌族自治州',23,0,NULL,NULL,'513200'),(259,'甘孜藏族自治州',23,0,NULL,NULL,'513300'),(260,'凉山彝族自治州',23,0,NULL,NULL,'513400'),(261,'贵阳市',24,0,NULL,NULL,'520100'),(262,'六盘水市',24,0,NULL,NULL,'520200'),(263,'遵义市',24,0,NULL,NULL,'520300'),(264,'安顺市',24,0,NULL,NULL,'520400'),(265,'毕节市',24,0,NULL,NULL,'520500'),(266,'铜仁市',24,0,NULL,NULL,'520600'),(267,'黔西南布依族苗族自治州',24,0,NULL,NULL,'522300'),(268,'黔东南苗族侗族自治州',24,0,NULL,NULL,'522600'),(269,'黔南布依族苗族自治州',24,0,NULL,NULL,'522700'),(270,'昆明市',25,0,NULL,NULL,'530100'),(271,'曲靖市',25,0,NULL,NULL,'530300'),(272,'玉溪市',25,0,NULL,NULL,'530400'),(273,'保山市',25,0,NULL,NULL,'530500'),(274,'昭通市',25,0,NULL,NULL,'530600'),(275,'丽江市',25,0,NULL,NULL,'530700'),(276,'普洱市',25,0,NULL,NULL,'530800'),(277,'临沧市',25,0,NULL,NULL,'530900'),(278,'楚雄彝族自治州',25,0,NULL,NULL,'532300'),(279,'红河哈尼族彝族自治州',25,0,NULL,NULL,'532500'),(280,'文山壮族苗族自治州',25,0,NULL,NULL,'532600'),(281,'西双版纳傣族自治州',25,0,NULL,NULL,'532800'),(282,'大理白族自治州',25,0,NULL,NULL,'532900'),(283,'德宏傣族景颇族自治州',25,0,NULL,NULL,'533100'),(284,'怒江傈僳族自治州',25,0,NULL,NULL,'533300'),(285,'迪庆藏族自治州',25,0,NULL,NULL,'533400'),(286,'拉萨市',26,0,NULL,NULL,'540100'),(287,'日喀则市',26,0,NULL,NULL,'540200'),(288,'昌都市',26,0,NULL,NULL,'540300'),(289,'林芝市',26,0,NULL,NULL,'540400'),(290,'山南市',26,0,NULL,NULL,'540500'),(291,'那曲地区',26,0,NULL,NULL,'542400'),(292,'阿里地区',26,0,NULL,NULL,'542500'),(293,'西安市',27,0,NULL,NULL,'610100'),(294,'铜川市',27,0,NULL,NULL,'610200'),(295,'宝鸡市',27,0,NULL,NULL,'610300'),(296,'咸阳市',27,0,NULL,NULL,'610400'),(297,'渭南市',27,0,NULL,NULL,'610500'),(298,'延安市',27,0,NULL,NULL,'610600'),(299,'汉中市',27,0,NULL,NULL,'610700'),(300,'榆林市',27,0,NULL,NULL,'610800'),(301,'安康市',27,0,NULL,NULL,'610900'),(302,'商洛市',27,0,NULL,NULL,'611000'),(303,'兰州市',28,0,NULL,NULL,'620100'),(304,'嘉峪关市',28,0,NULL,NULL,'620200'),(305,'金昌市',28,0,NULL,NULL,'620300'),(306,'白银市',28,0,NULL,NULL,'620400'),(307,'天水市',28,0,NULL,NULL,'620500'),(308,'武威市',28,0,NULL,NULL,'620600'),(309,'张掖市',28,0,NULL,NULL,'620700'),(310,'平凉市',28,0,NULL,NULL,'620800'),(311,'酒泉市',28,0,NULL,NULL,'620900'),(312,'庆阳市',28,0,NULL,NULL,'621000'),(313,'定西市',28,0,NULL,NULL,'621100'),(314,'陇南市',28,0,NULL,NULL,'621200'),(315,'临夏回族自治州',28,0,NULL,NULL,'622900'),(316,'甘南藏族自治州',28,0,NULL,NULL,'623000'),(317,'西宁市',29,0,NULL,NULL,'630100'),(318,'海东市',29,0,NULL,NULL,'630200'),(319,'海北藏族自治州',29,0,NULL,NULL,'632200'),(320,'黄南藏族自治州',29,0,NULL,NULL,'632300'),(321,'海南藏族自治州',29,0,NULL,NULL,'632500'),(322,'果洛藏族自治州',29,0,NULL,NULL,'632600'),(323,'玉树藏族自治州',29,0,NULL,NULL,'632700'),(324,'海西蒙古族藏族自治州',29,0,NULL,NULL,'632800'),(325,'银川市',30,0,NULL,NULL,'640100'),(326,'石嘴山市',30,0,NULL,NULL,'640200'),(327,'吴忠市',30,0,NULL,NULL,'640300'),(328,'固原市',30,0,NULL,NULL,'640400'),(329,'中卫市',30,0,NULL,NULL,'640500'),(330,'乌鲁木齐市',31,0,NULL,NULL,'650100'),(331,'克拉玛依市',31,0,NULL,NULL,'650200'),(332,'吐鲁番市',31,0,NULL,NULL,'650400'),(333,'哈密市',31,0,NULL,NULL,'650500'),(334,'昌吉回族自治州',31,0,NULL,NULL,'652300'),(335,'博尔塔拉蒙古自治州',31,0,NULL,NULL,'652700'),(336,'巴音郭楞蒙古自治州',31,0,NULL,NULL,'652800'),(337,'阿克苏地区',31,0,NULL,NULL,'652900'),(338,'克孜勒苏柯尔克孜自治州',31,0,NULL,NULL,'653000'),(339,'喀什地区',31,0,NULL,NULL,'653100'),(340,'和田地区',31,0,NULL,NULL,'653200'),(341,'伊犁哈萨克自治州',31,0,NULL,NULL,'654000'),(342,'塔城地区',31,0,NULL,NULL,'654200'),(343,'阿勒泰地区',31,0,NULL,NULL,'654300'),(344,'自治区直辖县级行政区划',31,0,NULL,NULL,'659000');
/*!40000 ALTER TABLE `sys_city` ENABLE KEYS */;
UNLOCK TABLES;

--
-- Table structure for table `sys_dbCache`
--

DROP TABLE IF EXISTS `sys_dbCache`;
/*!40101 SET @saved_cs_client     = @@character_set_client */;
/*!40101 SET character_set_client = utf8 */;
CREATE TABLE `sys_dbCache` (
  `id` bigint(20) NOT NULL AUTO_INCREMENT,
  `key` varchar(255) NOT NULL COMMENT 'key',
  `value` blob COMMENT 'value',
  `created` datetime NOT NULL COMMENT '创建时间',
  `updated` datetime NOT NULL COMMENT '更新时间',
  `expireTime` datetime NOT NULL COMMENT '失效时间',
  PRIMARY KEY (`id`),
  UNIQUE KEY `key_UNIQUE` (`key`)
) ENGINE=InnoDB DEFAULT CHARSET=utf8;
/*!40101 SET character_set_client = @saved_cs_client */;

--
-- Dumping data for table `sys_dbCache`
--

LOCK TABLES `sys_dbCache` WRITE;
/*!40000 ALTER TABLE `sys_dbCache` DISABLE KEYS */;
/*!40000 ALTER TABLE `sys_dbCache` ENABLE KEYS */;
UNLOCK TABLES;

--
-- Table structure for table `sys_district`
--

DROP TABLE IF EXISTS `sys_district`;
/*!40101 SET @saved_cs_client     = @@character_set_client */;
/*!40101 SET character_set_client = utf8 */;
CREATE TABLE `sys_district` (
  `id` bigint(20) NOT NULL AUTO_INCREMENT,
  `name` varchar(10) DEFAULT NULL COMMENT '地区名称',
  `city_id` bigint(20) NOT NULL COMMENT '城市',
  `letter` varchar(1) DEFAULT NULL COMMENT '字母',
  `fullletter` varchar(50) DEFAULT NULL COMMENT '全拼音',
  `code` varchar(45) DEFAULT NULL,
  PRIMARY KEY (`id`),
  KEY `city_idx` (`city_id`),
  CONSTRAINT `city` FOREIGN KEY (`city_id`) REFERENCES `sys_city` (`id`) ON DELETE NO ACTION ON UPDATE NO ACTION
) ENGINE=InnoDB AUTO_INCREMENT=3178 DEFAULT CHARSET=utf8;
/*!40101 SET character_set_client = @saved_cs_client */;

--
-- Dumping data for table `sys_district`
--

LOCK TABLES `sys_district` WRITE;
/*!40000 ALTER TABLE `sys_district` DISABLE KEYS */;
INSERT INTO `sys_district` VALUES (1,'东城区',1,NULL,NULL,'110101'),(2,'西城区',1,NULL,NULL,'110102'),(3,'朝阳区',1,NULL,NULL,'110105'),(4,'丰台区',1,NULL,NULL,'110106'),(5,'石景山区',1,NULL,NULL,'110107'),(6,'海淀区',1,NULL,NULL,'110108'),(7,'门头沟区',1,NULL,NULL,'110109'),(8,'房山区',1,NULL,NULL,'110111'),(9,'通州区',1,NULL,NULL,'110112'),(10,'顺义区',1,NULL,NULL,'110113'),(11,'昌平区',1,NULL,NULL,'110114'),(12,'大兴区',1,NULL,NULL,'110115'),(13,'怀柔区',1,NULL,NULL,'110116'),(14,'平谷区',1,NULL,NULL,'110117'),(15,'密云区',1,NULL,NULL,'110118'),(16,'延庆区',1,NULL,NULL,'110119'),(17,'和平区',2,NULL,NULL,'120101'),(18,'河东区',2,NULL,NULL,'120102'),(19,'河西区',2,NULL,NULL,'120103'),(20,'南开区',2,NULL,NULL,'120104'),(21,'河北区',2,NULL,NULL,'120105'),(22,'红桥区',2,NULL,NULL,'120106'),(23,'东丽区',2,NULL,NULL,'120110'),(24,'西青区',2,NULL,NULL,'120111'),(25,'津南区',2,NULL,NULL,'120112'),(26,'北辰区',2,NULL,NULL,'120113'),(27,'武清区',2,NULL,NULL,'120114'),(28,'宝坻区',2,NULL,NULL,'120115'),(29,'滨海新区',2,NULL,NULL,'120116'),(30,'宁河区',2,NULL,NULL,'120117'),(31,'静海区',2,NULL,NULL,'120118'),(32,'蓟州区',2,NULL,NULL,'120119'),(33,'市辖区',3,NULL,NULL,'130101'),(34,'长安区',3,NULL,NULL,'130102'),(35,'桥西区',3,NULL,NULL,'130104'),(36,'新华区',3,NULL,NULL,'130105'),(37,'井陉矿区',3,NULL,NULL,'130107'),(38,'裕华区',3,NULL,NULL,'130108'),(39,'藁城区',3,NULL,NULL,'130109'),(40,'鹿泉区',3,NULL,NULL,'130110'),(41,'栾城区',3,NULL,NULL,'130111'),(42,'井陉县',3,NULL,NULL,'130121'),(43,'正定县',3,NULL,NULL,'130123'),(44,'行唐县',3,NULL,NULL,'130125'),(45,'灵寿县',3,NULL,NULL,'130126'),(46,'高邑县',3,NULL,NULL,'130127'),(47,'深泽县',3,NULL,NULL,'130128'),(48,'赞皇县',3,NULL,NULL,'130129'),(49,'无极县',3,NULL,NULL,'130130'),(50,'平山县',3,NULL,NULL,'130131'),(51,'元氏县',3,NULL,NULL,'130132'),(52,'赵县',3,NULL,NULL,'130133'),(53,'晋州市',3,NULL,NULL,'130183'),(54,'新乐市',3,NULL,NULL,'130184'),(55,'市辖区',4,NULL,NULL,'130201'),(56,'路南区',4,NULL,NULL,'130202'),(57,'路北区',4,NULL,NULL,'130203'),(58,'古冶区',4,NULL,NULL,'130204'),(59,'开平区',4,NULL,NULL,'130205'),(60,'丰南区',4,NULL,NULL,'130207'),(61,'丰润区',4,NULL,NULL,'130208'),(62,'曹妃甸区',4,NULL,NULL,'130209'),(63,'滦县',4,NULL,NULL,'130223'),(64,'滦南县',4,NULL,NULL,'130224'),(65,'乐亭县',4,NULL,NULL,'130225'),(66,'迁西县',4,NULL,NULL,'130227'),(67,'玉田县',4,NULL,NULL,'130229'),(68,'遵化市',4,NULL,NULL,'130281'),(69,'迁安市',4,NULL,NULL,'130283'),(70,'市辖区',5,NULL,NULL,'130301'),(71,'海港区',5,NULL,NULL,'130302'),(72,'山海关区',5,NULL,NULL,'130303'),(73,'北戴河区',5,NULL,NULL,'130304'),(74,'抚宁区',5,NULL,NULL,'130306'),(75,'青龙满族自治县',5,NULL,NULL,'130321'),(76,'昌黎县',5,NULL,NULL,'130322'),(77,'卢龙县',5,NULL,NULL,'130324'),(78,'市辖区',6,NULL,NULL,'130401'),(79,'邯山区',6,NULL,NULL,'130402'),(80,'丛台区',6,NULL,NULL,'130403'),(81,'复兴区',6,NULL,NULL,'130404'),(82,'峰峰矿区',6,NULL,NULL,'130406'),(83,'邯郸县',6,NULL,NULL,'130421'),(84,'临漳县',6,NULL,NULL,'130423'),(85,'成安县',6,NULL,NULL,'130424'),(86,'大名县',6,NULL,NULL,'130425'),(87,'涉县',6,NULL,NULL,'130426'),(88,'磁县',6,NULL,NULL,'130427'),(89,'肥乡县',6,NULL,NULL,'130428'),(90,'永年县',6,NULL,NULL,'130429'),(91,'邱县',6,NULL,NULL,'130430'),(92,'鸡泽县',6,NULL,NULL,'130431'),(93,'广平县',6,NULL,NULL,'130432'),(94,'馆陶县',6,NULL,NULL,'130433'),(95,'魏县',6,NULL,NULL,'130434'),(96,'曲周县',6,NULL,NULL,'130435'),(97,'武安市',6,NULL,NULL,'130481'),(98,'市辖区',7,NULL,NULL,'130501'),(99,'桥东区',7,NULL,NULL,'130502'),(100,'桥西区',7,NULL,NULL,'130503'),(101,'邢台县',7,NULL,NULL,'130521'),(102,'临城县',7,NULL,NULL,'130522'),(103,'内丘县',7,NULL,NULL,'130523'),(104,'柏乡县',7,NULL,NULL,'130524'),(105,'隆尧县',7,NULL,NULL,'130525'),(106,'任县',7,NULL,NULL,'130526'),(107,'南和县',7,NULL,NULL,'130527'),(108,'宁晋县',7,NULL,NULL,'130528'),(109,'巨鹿县',7,NULL,NULL,'130529'),(110,'新河县',7,NULL,NULL,'130530'),(111,'广宗县',7,NULL,NULL,'130531'),(112,'平乡县',7,NULL,NULL,'130532'),(113,'威县',7,NULL,NULL,'130533'),(114,'清河县',7,NULL,NULL,'130534'),(115,'临西县',7,NULL,NULL,'130535'),(116,'南宫市',7,NULL,NULL,'130581'),(117,'沙河市',7,NULL,NULL,'130582'),(118,'市辖区',8,NULL,NULL,'130601'),(119,'竞秀区',8,NULL,NULL,'130602'),(120,'莲池区',8,NULL,NULL,'130606'),(121,'满城区',8,NULL,NULL,'130607'),(122,'清苑区',8,NULL,NULL,'130608'),(123,'徐水区',8,NULL,NULL,'130609'),(124,'涞水县',8,NULL,NULL,'130623'),(125,'阜平县',8,NULL,NULL,'130624'),(126,'定兴县',8,NULL,NULL,'130626'),(127,'唐县',8,NULL,NULL,'130627'),(128,'高阳县',8,NULL,NULL,'130628'),(129,'容城县',8,NULL,NULL,'130629'),(130,'涞源县',8,NULL,NULL,'130630'),(131,'望都县',8,NULL,NULL,'130631'),(132,'安新县',8,NULL,NULL,'130632'),(133,'易县',8,NULL,NULL,'130633'),(134,'曲阳县',8,NULL,NULL,'130634'),(135,'蠡县',8,NULL,NULL,'130635'),(136,'顺平县',8,NULL,NULL,'130636'),(137,'博野县',8,NULL,NULL,'130637'),(138,'雄县',8,NULL,NULL,'130638'),(139,'涿州市',8,NULL,NULL,'130681'),(140,'安国市',8,NULL,NULL,'130683'),(141,'高碑店市',8,NULL,NULL,'130684'),(142,'市辖区',9,NULL,NULL,'130701'),(143,'桥东区',9,NULL,NULL,'130702'),(144,'桥西区',9,NULL,NULL,'130703'),(145,'宣化区',9,NULL,NULL,'130705'),(146,'下花园区',9,NULL,NULL,'130706'),(147,'万全区',9,NULL,NULL,'130708'),(148,'崇礼区',9,NULL,NULL,'130709'),(149,'张北县',9,NULL,NULL,'130722'),(150,'康保县',9,NULL,NULL,'130723'),(151,'沽源县',9,NULL,NULL,'130724'),(152,'尚义县',9,NULL,NULL,'130725'),(153,'蔚县',9,NULL,NULL,'130726'),(154,'阳原县',9,NULL,NULL,'130727'),(155,'怀安县',9,NULL,NULL,'130728'),(156,'怀来县',9,NULL,NULL,'130730'),(157,'涿鹿县',9,NULL,NULL,'130731'),(158,'赤城县',9,NULL,NULL,'130732'),(159,'市辖区',10,NULL,NULL,'130801'),(160,'双桥区',10,NULL,NULL,'130802'),(161,'双滦区',10,NULL,NULL,'130803'),(162,'鹰手营子矿区',10,NULL,NULL,'130804'),(163,'承德县',10,NULL,NULL,'130821'),(164,'兴隆县',10,NULL,NULL,'130822'),(165,'平泉县',10,NULL,NULL,'130823'),(166,'滦平县',10,NULL,NULL,'130824'),(167,'隆化县',10,NULL,NULL,'130825'),(168,'丰宁满族自治县',10,NULL,NULL,'130826'),(169,'宽城满族自治县',10,NULL,NULL,'130827'),(170,'围场满族蒙古族自治县',10,NULL,NULL,'130828'),(171,'市辖区',11,NULL,NULL,'130901'),(172,'新华区',11,NULL,NULL,'130902'),(173,'运河区',11,NULL,NULL,'130903'),(174,'沧县',11,NULL,NULL,'130921'),(175,'青县',11,NULL,NULL,'130922'),(176,'东光县',11,NULL,NULL,'130923'),(177,'海兴县',11,NULL,NULL,'130924'),(178,'盐山县',11,NULL,NULL,'130925'),(179,'肃宁县',11,NULL,NULL,'130926'),(180,'南皮县',11,NULL,NULL,'130927'),(181,'吴桥县',11,NULL,NULL,'130928'),(182,'献县',11,NULL,NULL,'130929'),(183,'孟村回族自治县',11,NULL,NULL,'130930'),(184,'泊头市',11,NULL,NULL,'130981'),(185,'任丘市',11,NULL,NULL,'130982'),(186,'黄骅市',11,NULL,NULL,'130983'),(187,'河间市',11,NULL,NULL,'130984'),(188,'市辖区',12,NULL,NULL,'131001'),(189,'安次区',12,NULL,NULL,'131002'),(190,'广阳区',12,NULL,NULL,'131003'),(191,'固安县',12,NULL,NULL,'131022'),(192,'永清县',12,NULL,NULL,'131023'),(193,'香河县',12,NULL,NULL,'131024'),(194,'大城县',12,NULL,NULL,'131025'),(195,'文安县',12,NULL,NULL,'131026'),(196,'大厂回族自治县',12,NULL,NULL,'131028'),(197,'霸州市',12,NULL,NULL,'131081'),(198,'三河市',12,NULL,NULL,'131082'),(199,'市辖区',13,NULL,NULL,'131101'),(200,'桃城区',13,NULL,NULL,'131102'),(201,'冀州区',13,NULL,NULL,'131103'),(202,'枣强县',13,NULL,NULL,'131121'),(203,'武邑县',13,NULL,NULL,'131122'),(204,'武强县',13,NULL,NULL,'131123'),(205,'饶阳县',13,NULL,NULL,'131124'),(206,'安平县',13,NULL,NULL,'131125'),(207,'故城县',13,NULL,NULL,'131126'),(208,'景县',13,NULL,NULL,'131127'),(209,'阜城县',13,NULL,NULL,'131128'),(210,'深州市',13,NULL,NULL,'131182'),(211,'定州市',14,NULL,NULL,'139001'),(212,'辛集市',14,NULL,NULL,'139002'),(213,'市辖区',15,NULL,NULL,'140101'),(214,'小店区',15,NULL,NULL,'140105'),(215,'迎泽区',15,NULL,NULL,'140106'),(216,'杏花岭区',15,NULL,NULL,'140107'),(217,'尖草坪区',15,NULL,NULL,'140108'),(218,'万柏林区',15,NULL,NULL,'140109'),(219,'晋源区',15,NULL,NULL,'140110'),(220,'清徐县',15,NULL,NULL,'140121'),(221,'阳曲县',15,NULL,NULL,'140122'),(222,'娄烦县',15,NULL,NULL,'140123'),(223,'古交市',15,NULL,NULL,'140181'),(224,'市辖区',16,NULL,NULL,'140201'),(225,'城区',16,NULL,NULL,'140202'),(226,'矿区',16,NULL,NULL,'140203'),(227,'南郊区',16,NULL,NULL,'140211'),(228,'新荣区',16,NULL,NULL,'140212'),(229,'阳高县',16,NULL,NULL,'140221'),(230,'天镇县',16,NULL,NULL,'140222'),(231,'广灵县',16,NULL,NULL,'140223'),(232,'灵丘县',16,NULL,NULL,'140224'),(233,'浑源县',16,NULL,NULL,'140225'),(234,'左云县',16,NULL,NULL,'140226'),(235,'大同县',16,NULL,NULL,'140227'),(236,'市辖区',17,NULL,NULL,'140301'),(237,'城区',17,NULL,NULL,'140302'),(238,'矿区',17,NULL,NULL,'140303'),(239,'郊区',17,NULL,NULL,'140311'),(240,'平定县',17,NULL,NULL,'140321'),(241,'盂县',17,NULL,NULL,'140322'),(242,'市辖区',18,NULL,NULL,'140401'),(243,'城区',18,NULL,NULL,'140402'),(244,'郊区',18,NULL,NULL,'140411'),(245,'长治县',18,NULL,NULL,'140421'),(246,'襄垣县',18,NULL,NULL,'140423'),(247,'屯留县',18,NULL,NULL,'140424'),(248,'平顺县',18,NULL,NULL,'140425'),(249,'黎城县',18,NULL,NULL,'140426'),(250,'壶关县',18,NULL,NULL,'140427'),(251,'长子县',18,NULL,NULL,'140428'),(252,'武乡县',18,NULL,NULL,'140429'),(253,'沁县',18,NULL,NULL,'140430'),(254,'沁源县',18,NULL,NULL,'140431'),(255,'潞城市',18,NULL,NULL,'140481'),(256,'市辖区',19,NULL,NULL,'140501'),(257,'城区',19,NULL,NULL,'140502'),(258,'沁水县',19,NULL,NULL,'140521'),(259,'阳城县',19,NULL,NULL,'140522'),(260,'陵川县',19,NULL,NULL,'140524'),(261,'泽州县',19,NULL,NULL,'140525'),(262,'高平市',19,NULL,NULL,'140581'),(263,'市辖区',20,NULL,NULL,'140601'),(264,'朔城区',20,NULL,NULL,'140602'),(265,'平鲁区',20,NULL,NULL,'140603'),(266,'山阴县',20,NULL,NULL,'140621'),(267,'应县',20,NULL,NULL,'140622'),(268,'右玉县',20,NULL,NULL,'140623'),(269,'怀仁县',20,NULL,NULL,'140624'),(270,'市辖区',21,NULL,NULL,'140701'),(271,'榆次区',21,NULL,NULL,'140702'),(272,'榆社县',21,NULL,NULL,'140721'),(273,'左权县',21,NULL,NULL,'140722'),(274,'和顺县',21,NULL,NULL,'140723'),(275,'昔阳县',21,NULL,NULL,'140724'),(276,'寿阳县',21,NULL,NULL,'140725'),(277,'太谷县',21,NULL,NULL,'140726'),(278,'祁县',21,NULL,NULL,'140727'),(279,'平遥县',21,NULL,NULL,'140728'),(280,'灵石县',21,NULL,NULL,'140729'),(281,'介休市',21,NULL,NULL,'140781'),(282,'市辖区',22,NULL,NULL,'140801'),(283,'盐湖区',22,NULL,NULL,'140802'),(284,'临猗县',22,NULL,NULL,'140821'),(285,'万荣县',22,NULL,NULL,'140822'),(286,'闻喜县',22,NULL,NULL,'140823'),(287,'稷山县',22,NULL,NULL,'140824'),(288,'新绛县',22,NULL,NULL,'140825'),(289,'绛县',22,NULL,NULL,'140826'),(290,'垣曲县',22,NULL,NULL,'140827'),(291,'夏县',22,NULL,NULL,'140828'),(292,'平陆县',22,NULL,NULL,'140829'),(293,'芮城县',22,NULL,NULL,'140830'),(294,'永济市',22,NULL,NULL,'140881'),(295,'河津市',22,NULL,NULL,'140882'),(296,'市辖区',23,NULL,NULL,'140901'),(297,'忻府区',23,NULL,NULL,'140902'),(298,'定襄县',23,NULL,NULL,'140921'),(299,'五台县',23,NULL,NULL,'140922'),(300,'代县',23,NULL,NULL,'140923'),(301,'繁峙县',23,NULL,NULL,'140924'),(302,'宁武县',23,NULL,NULL,'140925'),(303,'静乐县',23,NULL,NULL,'140926'),(304,'神池县',23,NULL,NULL,'140927'),(305,'五寨县',23,NULL,NULL,'140928'),(306,'岢岚县',23,NULL,NULL,'140929'),(307,'河曲县',23,NULL,NULL,'140930'),(308,'保德县',23,NULL,NULL,'140931'),(309,'偏关县',23,NULL,NULL,'140932'),(310,'原平市',23,NULL,NULL,'140981'),(311,'市辖区',24,NULL,NULL,'141001'),(312,'尧都区',24,NULL,NULL,'141002'),(313,'曲沃县',24,NULL,NULL,'141021'),(314,'翼城县',24,NULL,NULL,'141022'),(315,'襄汾县',24,NULL,NULL,'141023'),(316,'洪洞县',24,NULL,NULL,'141024'),(317,'古县',24,NULL,NULL,'141025'),(318,'安泽县',24,NULL,NULL,'141026'),(319,'浮山县',24,NULL,NULL,'141027'),(320,'吉县',24,NULL,NULL,'141028'),(321,'乡宁县',24,NULL,NULL,'141029'),(322,'大宁县',24,NULL,NULL,'141030'),(323,'隰县',24,NULL,NULL,'141031'),(324,'永和县',24,NULL,NULL,'141032'),(325,'蒲县',24,NULL,NULL,'141033'),(326,'汾西县',24,NULL,NULL,'141034'),(327,'侯马市',24,NULL,NULL,'141081'),(328,'霍州市',24,NULL,NULL,'141082'),(329,'市辖区',25,NULL,NULL,'141101'),(330,'离石区',25,NULL,NULL,'141102'),(331,'文水县',25,NULL,NULL,'141121'),(332,'交城县',25,NULL,NULL,'141122'),(333,'兴县',25,NULL,NULL,'141123'),(334,'临县',25,NULL,NULL,'141124'),(335,'柳林县',25,NULL,NULL,'141125'),(336,'石楼县',25,NULL,NULL,'141126'),(337,'岚县',25,NULL,NULL,'141127'),(338,'方山县',25,NULL,NULL,'141128'),(339,'中阳县',25,NULL,NULL,'141129'),(340,'交口县',25,NULL,NULL,'141130'),(341,'孝义市',25,NULL,NULL,'141181'),(342,'汾阳市',25,NULL,NULL,'141182'),(343,'市辖区',26,NULL,NULL,'150101'),(344,'新城区',26,NULL,NULL,'150102'),(345,'回民区',26,NULL,NULL,'150103'),(346,'玉泉区',26,NULL,NULL,'150104'),(347,'赛罕区',26,NULL,NULL,'150105'),(348,'土默特左旗',26,NULL,NULL,'150121'),(349,'托克托县',26,NULL,NULL,'150122'),(350,'和林格尔县',26,NULL,NULL,'150123'),(351,'清水河县',26,NULL,NULL,'150124'),(352,'武川县',26,NULL,NULL,'150125'),(353,'市辖区',27,NULL,NULL,'150201'),(354,'东河区',27,NULL,NULL,'150202'),(355,'昆都仑区',27,NULL,NULL,'150203'),(356,'青山区',27,NULL,NULL,'150204'),(357,'石拐区',27,NULL,NULL,'150205'),(358,'白云鄂博矿区',27,NULL,NULL,'150206'),(359,'九原区',27,NULL,NULL,'150207'),(360,'土默特右旗',27,NULL,NULL,'150221'),(361,'固阳县',27,NULL,NULL,'150222'),(362,'达尔罕茂明安联合旗',27,NULL,NULL,'150223'),(363,'市辖区',28,NULL,NULL,'150301'),(364,'海勃湾区',28,NULL,NULL,'150302'),(365,'海南区',28,NULL,NULL,'150303'),(366,'乌达区',28,NULL,NULL,'150304'),(367,'市辖区',29,NULL,NULL,'150401'),(368,'红山区',29,NULL,NULL,'150402'),(369,'元宝山区',29,NULL,NULL,'150403'),(370,'松山区',29,NULL,NULL,'150404'),(371,'阿鲁科尔沁旗',29,NULL,NULL,'150421'),(372,'巴林左旗',29,NULL,NULL,'150422'),(373,'巴林右旗',29,NULL,NULL,'150423'),(374,'林西县',29,NULL,NULL,'150424'),(375,'克什克腾旗',29,NULL,NULL,'150425'),(376,'翁牛特旗',29,NULL,NULL,'150426'),(377,'喀喇沁旗',29,NULL,NULL,'150428'),(378,'宁城县',29,NULL,NULL,'150429'),(379,'敖汉旗',29,NULL,NULL,'150430'),(380,'市辖区',30,NULL,NULL,'150501'),(381,'科尔沁区',30,NULL,NULL,'150502'),(382,'科尔沁左翼中旗',30,NULL,NULL,'150521'),(383,'科尔沁左翼后旗',30,NULL,NULL,'150522'),(384,'开鲁县',30,NULL,NULL,'150523'),(385,'库伦旗',30,NULL,NULL,'150524'),(386,'奈曼旗',30,NULL,NULL,'150525'),(387,'扎鲁特旗',30,NULL,NULL,'150526'),(388,'霍林郭勒市',30,NULL,NULL,'150581'),(389,'市辖区',31,NULL,NULL,'150601'),(390,'东胜区',31,NULL,NULL,'150602'),(391,'康巴什区',31,NULL,NULL,'150603'),(392,'达拉特旗',31,NULL,NULL,'150621'),(393,'准格尔旗',31,NULL,NULL,'150622'),(394,'鄂托克前旗',31,NULL,NULL,'150623'),(395,'鄂托克旗',31,NULL,NULL,'150624'),(396,'杭锦旗',31,NULL,NULL,'150625'),(397,'乌审旗',31,NULL,NULL,'150626'),(398,'伊金霍洛旗',31,NULL,NULL,'150627'),(399,'市辖区',32,NULL,NULL,'150701'),(400,'海拉尔区',32,NULL,NULL,'150702'),(401,'扎赉诺尔区',32,NULL,NULL,'150703'),(402,'阿荣旗',32,NULL,NULL,'150721'),(404,'鄂伦春自治旗',32,NULL,NULL,'150723'),(405,'鄂温克族自治旗',32,NULL,NULL,'150724'),(406,'陈巴尔虎旗',32,NULL,NULL,'150725'),(407,'新巴尔虎左旗',32,NULL,NULL,'150726'),(408,'新巴尔虎右旗',32,NULL,NULL,'150727'),(409,'满洲里市',32,NULL,NULL,'150781'),(410,'牙克石市',32,NULL,NULL,'150782'),(411,'扎兰屯市',32,NULL,NULL,'150783'),(412,'额尔古纳市',32,NULL,NULL,'150784'),(413,'根河市',32,NULL,NULL,'150785'),(414,'市辖区',33,NULL,NULL,'150801'),(415,'临河区',33,NULL,NULL,'150802'),(416,'五原县',33,NULL,NULL,'150821'),(417,'磴口县',33,NULL,NULL,'150822'),(418,'乌拉特前旗',33,NULL,NULL,'150823'),(419,'乌拉特中旗',33,NULL,NULL,'150824'),(420,'乌拉特后旗',33,NULL,NULL,'150825'),(421,'杭锦后旗',33,NULL,NULL,'150826'),(422,'市辖区',34,NULL,NULL,'150901'),(423,'集宁区',34,NULL,NULL,'150902'),(424,'卓资县',34,NULL,NULL,'150921'),(425,'化德县',34,NULL,NULL,'150922'),(426,'商都县',34,NULL,NULL,'150923'),(427,'兴和县',34,NULL,NULL,'150924'),(428,'凉城县',34,NULL,NULL,'150925'),(429,'察哈尔右翼前旗',34,NULL,NULL,'150926'),(430,'察哈尔右翼中旗',34,NULL,NULL,'150927'),(431,'察哈尔右翼后旗',34,NULL,NULL,'150928'),(432,'四子王旗',34,NULL,NULL,'150929'),(433,'丰镇市',34,NULL,NULL,'150981'),(434,'乌兰浩特市',35,NULL,NULL,'152201'),(435,'阿尔山市',35,NULL,NULL,'152202'),(436,'科尔沁右翼前旗',35,NULL,NULL,'152221'),(437,'科尔沁右翼中旗',35,NULL,NULL,'152222'),(438,'扎赉特旗',35,NULL,NULL,'152223'),(439,'突泉县',35,NULL,NULL,'152224'),(440,'二连浩特市',36,NULL,NULL,'152501'),(441,'锡林浩特市',36,NULL,NULL,'152502'),(442,'阿巴嘎旗',36,NULL,NULL,'152522'),(443,'苏尼特左旗',36,NULL,NULL,'152523'),(444,'苏尼特右旗',36,NULL,NULL,'152524'),(445,'东乌珠穆沁旗',36,NULL,NULL,'152525'),(446,'西乌珠穆沁旗',36,NULL,NULL,'152526'),(447,'太仆寺旗',36,NULL,NULL,'152527'),(448,'镶黄旗',36,NULL,NULL,'152528'),(449,'正镶白旗',36,NULL,NULL,'152529'),(450,'正蓝旗',36,NULL,NULL,'152530'),(451,'多伦县',36,NULL,NULL,'152531'),(452,'阿拉善左旗',37,NULL,NULL,'152921'),(453,'阿拉善右旗',37,NULL,NULL,'152922'),(454,'额济纳旗',37,NULL,NULL,'152923'),(455,'市辖区',38,NULL,NULL,'210101'),(456,'和平区',38,NULL,NULL,'210102'),(457,'沈河区',38,NULL,NULL,'210103'),(458,'大东区',38,NULL,NULL,'210104'),(459,'皇姑区',38,NULL,NULL,'210105'),(460,'铁西区',38,NULL,NULL,'210106'),(461,'苏家屯区',38,NULL,NULL,'210111'),(462,'浑南区',38,NULL,NULL,'210112'),(463,'沈北新区',38,NULL,NULL,'210113'),(464,'于洪区',38,NULL,NULL,'210114'),(465,'辽中区',38,NULL,NULL,'210115'),(466,'康平县',38,NULL,NULL,'210123'),(467,'法库县',38,NULL,NULL,'210124'),(468,'新民市',38,NULL,NULL,'210181'),(469,'市辖区',39,NULL,NULL,'210201'),(470,'中山区',39,NULL,NULL,'210202'),(471,'西岗区',39,NULL,NULL,'210203'),(472,'沙河口区',39,NULL,NULL,'210204'),(473,'甘井子区',39,NULL,NULL,'210211'),(474,'旅顺口区',39,NULL,NULL,'210212'),(475,'金州区',39,NULL,NULL,'210213'),(476,'普兰店区',39,NULL,NULL,'210214'),(477,'长海县',39,NULL,NULL,'210224'),(478,'瓦房店市',39,NULL,NULL,'210281'),(479,'庄河市',39,NULL,NULL,'210283'),(480,'市辖区',40,NULL,NULL,'210301'),(481,'铁东区',40,NULL,NULL,'210302'),(482,'铁西区',40,NULL,NULL,'210303'),(483,'立山区',40,NULL,NULL,'210304'),(484,'千山区',40,NULL,NULL,'210311'),(485,'台安县',40,NULL,NULL,'210321'),(486,'岫岩满族自治县',40,NULL,NULL,'210323'),(487,'海城市',40,NULL,NULL,'210381'),(488,'市辖区',41,NULL,NULL,'210401'),(489,'新抚区',41,NULL,NULL,'210402'),(490,'东洲区',41,NULL,NULL,'210403'),(491,'望花区',41,NULL,NULL,'210404'),(492,'顺城区',41,NULL,NULL,'210411'),(493,'抚顺县',41,NULL,NULL,'210421'),(494,'新宾满族自治县',41,NULL,NULL,'210422'),(495,'清原满族自治县',41,NULL,NULL,'210423'),(496,'市辖区',42,NULL,NULL,'210501'),(497,'平山区',42,NULL,NULL,'210502'),(498,'溪湖区',42,NULL,NULL,'210503'),(499,'明山区',42,NULL,NULL,'210504'),(500,'南芬区',42,NULL,NULL,'210505'),(501,'本溪满族自治县',42,NULL,NULL,'210521'),(502,'桓仁满族自治县',42,NULL,NULL,'210522'),(503,'市辖区',43,NULL,NULL,'210601'),(504,'元宝区',43,NULL,NULL,'210602'),(505,'振兴区',43,NULL,NULL,'210603'),(506,'振安区',43,NULL,NULL,'210604'),(507,'宽甸满族自治县',43,NULL,NULL,'210624'),(508,'东港市',43,NULL,NULL,'210681'),(509,'凤城市',43,NULL,NULL,'210682'),(510,'市辖区',44,NULL,NULL,'210701'),(511,'古塔区',44,NULL,NULL,'210702'),(512,'凌河区',44,NULL,NULL,'210703'),(513,'太和区',44,NULL,NULL,'210711'),(514,'黑山县',44,NULL,NULL,'210726'),(515,'义县',44,NULL,NULL,'210727'),(516,'凌海市',44,NULL,NULL,'210781'),(517,'北镇市',44,NULL,NULL,'210782'),(518,'市辖区',45,NULL,NULL,'210801'),(519,'站前区',45,NULL,NULL,'210802'),(520,'西市区',45,NULL,NULL,'210803'),(521,'鲅鱼圈区',45,NULL,NULL,'210804'),(522,'老边区',45,NULL,NULL,'210811'),(523,'盖州市',45,NULL,NULL,'210881'),(524,'大石桥市',45,NULL,NULL,'210882'),(525,'市辖区',46,NULL,NULL,'210901'),(526,'海州区',46,NULL,NULL,'210902'),(527,'新邱区',46,NULL,NULL,'210903'),(528,'太平区',46,NULL,NULL,'210904'),(529,'清河门区',46,NULL,NULL,'210905'),(530,'细河区',46,NULL,NULL,'210911'),(531,'阜新蒙古族自治县',46,NULL,NULL,'210921'),(532,'彰武县',46,NULL,NULL,'210922'),(533,'市辖区',47,NULL,NULL,'211001'),(534,'白塔区',47,NULL,NULL,'211002'),(535,'文圣区',47,NULL,NULL,'211003'),(536,'宏伟区',47,NULL,NULL,'211004'),(537,'弓长岭区',47,NULL,NULL,'211005'),(538,'太子河区',47,NULL,NULL,'211011'),(539,'辽阳县',47,NULL,NULL,'211021'),(540,'灯塔市',47,NULL,NULL,'211081'),(541,'市辖区',48,NULL,NULL,'211101'),(542,'双台子区',48,NULL,NULL,'211102'),(543,'兴隆台区',48,NULL,NULL,'211103'),(544,'大洼区',48,NULL,NULL,'211104'),(545,'盘山县',48,NULL,NULL,'211122'),(546,'市辖区',49,NULL,NULL,'211201'),(547,'银州区',49,NULL,NULL,'211202'),(548,'清河区',49,NULL,NULL,'211204'),(549,'铁岭县',49,NULL,NULL,'211221'),(550,'西丰县',49,NULL,NULL,'211223'),(551,'昌图县',49,NULL,NULL,'211224'),(552,'调兵山市',49,NULL,NULL,'211281'),(553,'开原市',49,NULL,NULL,'211282'),(554,'市辖区',50,NULL,NULL,'211301'),(555,'双塔区',50,NULL,NULL,'211302'),(556,'龙城区',50,NULL,NULL,'211303'),(557,'朝阳县',50,NULL,NULL,'211321'),(558,'建平县',50,NULL,NULL,'211322'),(560,'北票市',50,NULL,NULL,'211381'),(561,'凌源市',50,NULL,NULL,'211382'),(562,'市辖区',51,NULL,NULL,'211401'),(563,'连山区',51,NULL,NULL,'211402'),(564,'龙港区',51,NULL,NULL,'211403'),(565,'南票区',51,NULL,NULL,'211404'),(566,'绥中县',51,NULL,NULL,'211421'),(567,'建昌县',51,NULL,NULL,'211422'),(568,'兴城市',51,NULL,NULL,'211481'),(569,'市辖区',52,NULL,NULL,'220101'),(570,'南关区',52,NULL,NULL,'220102'),(571,'宽城区',52,NULL,NULL,'220103'),(572,'朝阳区',52,NULL,NULL,'220104'),(573,'二道区',52,NULL,NULL,'220105'),(574,'绿园区',52,NULL,NULL,'220106'),(575,'双阳区',52,NULL,NULL,'220112'),(576,'九台区',52,NULL,NULL,'220113'),(577,'农安县',52,NULL,NULL,'220122'),(578,'榆树市',52,NULL,NULL,'220182'),(579,'德惠市',52,NULL,NULL,'220183'),(580,'市辖区',53,NULL,NULL,'220201'),(581,'昌邑区',53,NULL,NULL,'220202'),(582,'龙潭区',53,NULL,NULL,'220203'),(583,'船营区',53,NULL,NULL,'220204'),(584,'丰满区',53,NULL,NULL,'220211'),(585,'永吉县',53,NULL,NULL,'220221'),(586,'蛟河市',53,NULL,NULL,'220281'),(587,'桦甸市',53,NULL,NULL,'220282'),(588,'舒兰市',53,NULL,NULL,'220283'),(589,'磐石市',53,NULL,NULL,'220284'),(590,'市辖区',54,NULL,NULL,'220301'),(591,'铁西区',54,NULL,NULL,'220302'),(592,'铁东区',54,NULL,NULL,'220303'),(593,'梨树县',54,NULL,NULL,'220322'),(594,'伊通满族自治县',54,NULL,NULL,'220323'),(595,'公主岭市',54,NULL,NULL,'220381'),(596,'双辽市',54,NULL,NULL,'220382'),(597,'市辖区',55,NULL,NULL,'220401'),(598,'龙山区',55,NULL,NULL,'220402'),(599,'西安区',55,NULL,NULL,'220403'),(600,'东丰县',55,NULL,NULL,'220421'),(601,'东辽县',55,NULL,NULL,'220422'),(602,'市辖区',56,NULL,NULL,'220501'),(603,'东昌区',56,NULL,NULL,'220502'),(604,'二道江区',56,NULL,NULL,'220503'),(605,'通化县',56,NULL,NULL,'220521'),(606,'辉南县',56,NULL,NULL,'220523'),(607,'柳河县',56,NULL,NULL,'220524'),(608,'梅河口市',56,NULL,NULL,'220581'),(609,'集安市',56,NULL,NULL,'220582'),(610,'市辖区',57,NULL,NULL,'220601'),(611,'浑江区',57,NULL,NULL,'220602'),(612,'江源区',57,NULL,NULL,'220605'),(613,'抚松县',57,NULL,NULL,'220621'),(614,'靖宇县',57,NULL,NULL,'220622'),(615,'长白朝鲜族自治县',57,NULL,NULL,'220623'),(616,'临江市',57,NULL,NULL,'220681'),(617,'市辖区',58,NULL,NULL,'220701'),(618,'宁江区',58,NULL,NULL,'220702'),(620,'长岭县',58,NULL,NULL,'220722'),(621,'乾安县',58,NULL,NULL,'220723'),(622,'扶余市',58,NULL,NULL,'220781'),(623,'市辖区',59,NULL,NULL,'220801'),(624,'洮北区',59,NULL,NULL,'220802'),(625,'镇赉县',59,NULL,NULL,'220821'),(626,'通榆县',59,NULL,NULL,'220822'),(627,'洮南市',59,NULL,NULL,'220881'),(628,'大安市',59,NULL,NULL,'220882'),(629,'延吉市',60,NULL,NULL,'222401'),(630,'图们市',60,NULL,NULL,'222402'),(631,'敦化市',60,NULL,NULL,'222403'),(632,'珲春市',60,NULL,NULL,'222404'),(633,'龙井市',60,NULL,NULL,'222405'),(634,'和龙市',60,NULL,NULL,'222406'),(635,'汪清县',60,NULL,NULL,'222424'),(636,'安图县',60,NULL,NULL,'222426'),(637,'市辖区',61,NULL,NULL,'230101'),(638,'道里区',61,NULL,NULL,'230102'),(639,'南岗区',61,NULL,NULL,'230103'),(640,'道外区',61,NULL,NULL,'230104'),(641,'平房区',61,NULL,NULL,'230108'),(642,'松北区',61,NULL,NULL,'230109'),(643,'香坊区',61,NULL,NULL,'230110'),(644,'呼兰区',61,NULL,NULL,'230111'),(645,'阿城区',61,NULL,NULL,'230112'),(646,'双城区',61,NULL,NULL,'230113'),(647,'依兰县',61,NULL,NULL,'230123'),(648,'方正县',61,NULL,NULL,'230124'),(649,'宾县',61,NULL,NULL,'230125'),(650,'巴彦县',61,NULL,NULL,'230126'),(651,'木兰县',61,NULL,NULL,'230127'),(652,'通河县',61,NULL,NULL,'230128'),(653,'延寿县',61,NULL,NULL,'230129'),(654,'尚志市',61,NULL,NULL,'230183'),(655,'五常市',61,NULL,NULL,'230184'),(656,'市辖区',62,NULL,NULL,'230201'),(657,'龙沙区',62,NULL,NULL,'230202'),(658,'建华区',62,NULL,NULL,'230203'),(659,'铁锋区',62,NULL,NULL,'230204'),(660,'昂昂溪区',62,NULL,NULL,'230205'),(661,'富拉尔基区',62,NULL,NULL,'230206'),(662,'碾子山区',62,NULL,NULL,'230207'),(663,'梅里斯达斡尔族区',62,NULL,NULL,'230208'),(664,'龙江县',62,NULL,NULL,'230221'),(665,'依安县',62,NULL,NULL,'230223'),(666,'泰来县',62,NULL,NULL,'230224'),(667,'甘南县',62,NULL,NULL,'230225'),(668,'富裕县',62,NULL,NULL,'230227'),(669,'克山县',62,NULL,NULL,'230229'),(670,'克东县',62,NULL,NULL,'230230'),(671,'拜泉县',62,NULL,NULL,'230231'),(672,'讷河市',62,NULL,NULL,'230281'),(673,'市辖区',63,NULL,NULL,'230301'),(674,'鸡冠区',63,NULL,NULL,'230302'),(675,'恒山区',63,NULL,NULL,'230303'),(676,'滴道区',63,NULL,NULL,'230304'),(677,'梨树区',63,NULL,NULL,'230305'),(678,'城子河区',63,NULL,NULL,'230306'),(679,'麻山区',63,NULL,NULL,'230307'),(680,'鸡东县',63,NULL,NULL,'230321'),(681,'虎林市',63,NULL,NULL,'230381'),(682,'密山市',63,NULL,NULL,'230382'),(683,'市辖区',64,NULL,NULL,'230401'),(684,'向阳区',64,NULL,NULL,'230402'),(685,'工农区',64,NULL,NULL,'230403'),(686,'南山区',64,NULL,NULL,'230404'),(687,'兴安区',64,NULL,NULL,'230405'),(688,'东山区',64,NULL,NULL,'230406'),(689,'兴山区',64,NULL,NULL,'230407'),(690,'萝北县',64,NULL,NULL,'230421'),(691,'绥滨县',64,NULL,NULL,'230422'),(692,'市辖区',65,NULL,NULL,'230501'),(693,'尖山区',65,NULL,NULL,'230502'),(694,'岭东区',65,NULL,NULL,'230503'),(695,'四方台区',65,NULL,NULL,'230505'),(696,'宝山区',65,NULL,NULL,'230506'),(697,'集贤县',65,NULL,NULL,'230521'),(698,'友谊县',65,NULL,NULL,'230522'),(699,'宝清县',65,NULL,NULL,'230523'),(700,'饶河县',65,NULL,NULL,'230524'),(701,'市辖区',66,NULL,NULL,'230601'),(702,'萨尔图区',66,NULL,NULL,'230602'),(703,'龙凤区',66,NULL,NULL,'230603'),(704,'让胡路区',66,NULL,NULL,'230604'),(705,'红岗区',66,NULL,NULL,'230605'),(706,'大同区',66,NULL,NULL,'230606'),(707,'肇州县',66,NULL,NULL,'230621'),(708,'肇源县',66,NULL,NULL,'230622'),(709,'林甸县',66,NULL,NULL,'230623'),(710,'杜尔伯特蒙古族自治县',66,NULL,NULL,'230624'),(711,'市辖区',67,NULL,NULL,'230701'),(712,'伊春区',67,NULL,NULL,'230702'),(713,'南岔区',67,NULL,NULL,'230703'),(714,'友好区',67,NULL,NULL,'230704'),(715,'西林区',67,NULL,NULL,'230705'),(716,'翠峦区',67,NULL,NULL,'230706'),(717,'新青区',67,NULL,NULL,'230707'),(718,'美溪区',67,NULL,NULL,'230708'),(719,'金山屯区',67,NULL,NULL,'230709'),(720,'五营区',67,NULL,NULL,'230710'),(721,'乌马河区',67,NULL,NULL,'230711'),(722,'汤旺河区',67,NULL,NULL,'230712'),(723,'带岭区',67,NULL,NULL,'230713'),(724,'乌伊岭区',67,NULL,NULL,'230714'),(725,'红星区',67,NULL,NULL,'230715'),(726,'上甘岭区',67,NULL,NULL,'230716'),(727,'嘉荫县',67,NULL,NULL,'230722'),(728,'铁力市',67,NULL,NULL,'230781'),(729,'市辖区',68,NULL,NULL,'230801'),(730,'向阳区',68,NULL,NULL,'230803'),(731,'前进区',68,NULL,NULL,'230804'),(732,'东风区',68,NULL,NULL,'230805'),(733,'郊区',68,NULL,NULL,'230811'),(734,'桦南县',68,NULL,NULL,'230822'),(735,'桦川县',68,NULL,NULL,'230826'),(736,'汤原县',68,NULL,NULL,'230828'),(737,'同江市',68,NULL,NULL,'230881'),(738,'富锦市',68,NULL,NULL,'230882'),(739,'抚远市',68,NULL,NULL,'230883'),(740,'市辖区',69,NULL,NULL,'230901'),(741,'新兴区',69,NULL,NULL,'230902'),(742,'桃山区',69,NULL,NULL,'230903'),(743,'茄子河区',69,NULL,NULL,'230904'),(744,'勃利县',69,NULL,NULL,'230921'),(745,'市辖区',70,NULL,NULL,'231001'),(746,'东安区',70,NULL,NULL,'231002'),(747,'阳明区',70,NULL,NULL,'231003'),(748,'爱民区',70,NULL,NULL,'231004'),(749,'西安区',70,NULL,NULL,'231005'),(750,'林口县',70,NULL,NULL,'231025'),(751,'绥芬河市',70,NULL,NULL,'231081'),(752,'海林市',70,NULL,NULL,'231083'),(753,'宁安市',70,NULL,NULL,'231084'),(754,'穆棱市',70,NULL,NULL,'231085'),(755,'东宁市',70,NULL,NULL,'231086'),(756,'市辖区',71,NULL,NULL,'231101'),(757,'爱辉区',71,NULL,NULL,'231102'),(758,'嫩江县',71,NULL,NULL,'231121'),(759,'逊克县',71,NULL,NULL,'231123'),(760,'孙吴县',71,NULL,NULL,'231124'),(761,'北安市',71,NULL,NULL,'231181'),(762,'五大连池市',71,NULL,NULL,'231182'),(763,'市辖区',72,NULL,NULL,'231201'),(764,'北林区',72,NULL,NULL,'231202'),(765,'望奎县',72,NULL,NULL,'231221'),(766,'兰西县',72,NULL,NULL,'231222'),(767,'青冈县',72,NULL,NULL,'231223'),(768,'庆安县',72,NULL,NULL,'231224'),(769,'明水县',72,NULL,NULL,'231225'),(770,'绥棱县',72,NULL,NULL,'231226'),(771,'安达市',72,NULL,NULL,'231281'),(772,'肇东市',72,NULL,NULL,'231282'),(773,'海伦市',72,NULL,NULL,'231283'),(774,'呼玛县',73,NULL,NULL,'232721'),(775,'塔河县',73,NULL,NULL,'232722'),(776,'漠河县',73,NULL,NULL,'232723'),(777,'黄浦区',74,NULL,NULL,'310101'),(778,'徐汇区',74,NULL,NULL,'310104'),(779,'长宁区',74,NULL,NULL,'310105'),(780,'静安区',74,NULL,NULL,'310106'),(781,'普陀区',74,NULL,NULL,'310107'),(782,'虹口区',74,NULL,NULL,'310109'),(783,'杨浦区',74,NULL,NULL,'310110'),(784,'闵行区',74,NULL,NULL,'310112'),(785,'宝山区',74,NULL,NULL,'310113'),(786,'嘉定区',74,NULL,NULL,'310114'),(787,'浦东新区',74,NULL,NULL,'310115'),(788,'金山区',74,NULL,NULL,'310116'),(789,'松江区',74,NULL,NULL,'310117'),(790,'青浦区',74,NULL,NULL,'310118'),(791,'奉贤区',74,NULL,NULL,'310120'),(792,'崇明区',74,NULL,NULL,'310151'),(793,'市辖区',75,NULL,NULL,'320101'),(794,'玄武区',75,NULL,NULL,'320102'),(795,'秦淮区',75,NULL,NULL,'320104'),(796,'建邺区',75,NULL,NULL,'320105'),(797,'鼓楼区',75,NULL,NULL,'320106'),(798,'浦口区',75,NULL,NULL,'320111'),(799,'栖霞区',75,NULL,NULL,'320113'),(800,'雨花台区',75,NULL,NULL,'320114'),(801,'江宁区',75,NULL,NULL,'320115'),(802,'六合区',75,NULL,NULL,'320116'),(803,'溧水区',75,NULL,NULL,'320117'),(804,'高淳区',75,NULL,NULL,'320118'),(805,'市辖区',76,NULL,NULL,'320201'),(806,'锡山区',76,NULL,NULL,'320205'),(807,'惠山区',76,NULL,NULL,'320206'),(808,'滨湖区',76,NULL,NULL,'320211'),(809,'梁溪区',76,NULL,NULL,'320213'),(810,'新吴区',76,NULL,NULL,'320214'),(811,'江阴市',76,NULL,NULL,'320281'),(812,'宜兴市',76,NULL,NULL,'320282'),(813,'市辖区',77,NULL,NULL,'320301'),(814,'鼓楼区',77,NULL,NULL,'320302'),(815,'云龙区',77,NULL,NULL,'320303'),(816,'贾汪区',77,NULL,NULL,'320305'),(817,'泉山区',77,NULL,NULL,'320311'),(818,'铜山区',77,NULL,NULL,'320312'),(819,'丰县',77,NULL,NULL,'320321'),(820,'沛县',77,NULL,NULL,'320322'),(821,'睢宁县',77,NULL,NULL,'320324'),(822,'新沂市',77,NULL,NULL,'320381'),(823,'邳州市',77,NULL,NULL,'320382'),(824,'市辖区',78,NULL,NULL,'320401'),(825,'天宁区',78,NULL,NULL,'320402'),(826,'钟楼区',78,NULL,NULL,'320404'),(827,'新北区',78,NULL,NULL,'320411'),(828,'武进区',78,NULL,NULL,'320412'),(829,'金坛区',78,NULL,NULL,'320413'),(830,'溧阳市',78,NULL,NULL,'320481'),(831,'市辖区',79,NULL,NULL,'320501'),(832,'虎丘区',79,NULL,NULL,'320505'),(833,'吴中区',79,NULL,NULL,'320506'),(834,'相城区',79,NULL,NULL,'320507'),(835,'姑苏区',79,NULL,NULL,'320508'),(836,'吴江区',79,NULL,NULL,'320509'),(837,'常熟市',79,NULL,NULL,'320581'),(838,'张家港市',79,NULL,NULL,'320582'),(839,'昆山市',79,NULL,NULL,'320583'),(840,'太仓市',79,NULL,NULL,'320585'),(841,'市辖区',80,NULL,NULL,'320601'),(842,'崇川区',80,NULL,NULL,'320602'),(843,'港闸区',80,NULL,NULL,'320611'),(844,'通州区',80,NULL,NULL,'320612'),(845,'海安县',80,NULL,NULL,'320621'),(846,'如东县',80,NULL,NULL,'320623'),(847,'启东市',80,NULL,NULL,'320681'),(848,'如皋市',80,NULL,NULL,'320682'),(849,'海门市',80,NULL,NULL,'320684'),(850,'市辖区',81,NULL,NULL,'320701'),(851,'连云区',81,NULL,NULL,'320703'),(852,'海州区',81,NULL,NULL,'320706'),(853,'赣榆区',81,NULL,NULL,'320707'),(854,'东海县',81,NULL,NULL,'320722'),(855,'灌云县',81,NULL,NULL,'320723'),(856,'灌南县',81,NULL,NULL,'320724'),(857,'市辖区',82,NULL,NULL,'320801'),(858,'淮安区',82,NULL,NULL,'320803'),(859,'淮阴区',82,NULL,NULL,'320804'),(860,'清江浦区',82,NULL,NULL,'320812'),(861,'洪泽区',82,NULL,NULL,'320813'),(862,'涟水县',82,NULL,NULL,'320826'),(863,'盱眙县',82,NULL,NULL,'320830'),(864,'金湖县',82,NULL,NULL,'320831'),(865,'市辖区',83,NULL,NULL,'320901'),(866,'亭湖区',83,NULL,NULL,'320902'),(867,'盐都区',83,NULL,NULL,'320903'),(868,'大丰区',83,NULL,NULL,'320904'),(869,'响水县',83,NULL,NULL,'320921'),(870,'滨海县',83,NULL,NULL,'320922'),(871,'阜宁县',83,NULL,NULL,'320923'),(872,'射阳县',83,NULL,NULL,'320924'),(873,'建湖县',83,NULL,NULL,'320925'),(874,'东台市',83,NULL,NULL,'320981'),(875,'市辖区',84,NULL,NULL,'321001'),(876,'广陵区',84,NULL,NULL,'321002'),(877,'邗江区',84,NULL,NULL,'321003'),(878,'江都区',84,NULL,NULL,'321012'),(879,'宝应县',84,NULL,NULL,'321023'),(880,'仪征市',84,NULL,NULL,'321081'),(881,'高邮市',84,NULL,NULL,'321084'),(882,'市辖区',85,NULL,NULL,'321101'),(883,'京口区',85,NULL,NULL,'321102'),(884,'润州区',85,NULL,NULL,'321111'),(885,'丹徒区',85,NULL,NULL,'321112'),(886,'丹阳市',85,NULL,NULL,'321181'),(887,'扬中市',85,NULL,NULL,'321182'),(888,'句容市',85,NULL,NULL,'321183'),(889,'市辖区',86,NULL,NULL,'321201'),(890,'海陵区',86,NULL,NULL,'321202'),(891,'高港区',86,NULL,NULL,'321203'),(892,'姜堰区',86,NULL,NULL,'321204'),(893,'兴化市',86,NULL,NULL,'321281'),(894,'靖江市',86,NULL,NULL,'321282'),(895,'泰兴市',86,NULL,NULL,'321283'),(896,'市辖区',87,NULL,NULL,'321301'),(897,'宿城区',87,NULL,NULL,'321302'),(898,'宿豫区',87,NULL,NULL,'321311'),(899,'沭阳县',87,NULL,NULL,'321322'),(900,'泗阳县',87,NULL,NULL,'321323'),(901,'泗洪县',87,NULL,NULL,'321324'),(902,'市辖区',88,NULL,NULL,'330101'),(903,'上城区',88,NULL,NULL,'330102'),(904,'下城区',88,NULL,NULL,'330103'),(905,'江干区',88,NULL,NULL,'330104'),(906,'拱墅区',88,NULL,NULL,'330105'),(907,'西湖区',88,NULL,NULL,'330106'),(908,'滨江区',88,NULL,NULL,'330108'),(909,'萧山区',88,NULL,NULL,'330109'),(910,'余杭区',88,NULL,NULL,'330110'),(911,'富阳区',88,NULL,NULL,'330111'),(912,'桐庐县',88,NULL,NULL,'330122'),(913,'淳安县',88,NULL,NULL,'330127'),(914,'建德市',88,NULL,NULL,'330182'),(915,'临安市',88,NULL,NULL,'330185'),(916,'市辖区',89,NULL,NULL,'330201'),(917,'海曙区',89,NULL,NULL,'330203'),(918,'江东区',89,NULL,NULL,'330204'),(919,'江北区',89,NULL,NULL,'330205'),(920,'北仑区',89,NULL,NULL,'330206'),(921,'镇海区',89,NULL,NULL,'330211'),(922,'鄞州区',89,NULL,NULL,'330212'),(923,'象山县',89,NULL,NULL,'330225'),(924,'宁海县',89,NULL,NULL,'330226'),(925,'余姚市',89,NULL,NULL,'330281'),(926,'慈溪市',89,NULL,NULL,'330282'),(927,'奉化市',89,NULL,NULL,'330283'),(928,'市辖区',90,NULL,NULL,'330301'),(929,'鹿城区',90,NULL,NULL,'330302'),(930,'龙湾区',90,NULL,NULL,'330303'),(931,'瓯海区',90,NULL,NULL,'330304'),(932,'洞头区',90,NULL,NULL,'330305'),(933,'永嘉县',90,NULL,NULL,'330324'),(934,'平阳县',90,NULL,NULL,'330326'),(935,'苍南县',90,NULL,NULL,'330327'),(936,'文成县',90,NULL,NULL,'330328'),(937,'泰顺县',90,NULL,NULL,'330329'),(938,'瑞安市',90,NULL,NULL,'330381'),(939,'乐清市',90,NULL,NULL,'330382'),(940,'市辖区',91,NULL,NULL,'330401'),(941,'南湖区',91,NULL,NULL,'330402'),(942,'秀洲区',91,NULL,NULL,'330411'),(943,'嘉善县',91,NULL,NULL,'330421'),(944,'海盐县',91,NULL,NULL,'330424'),(945,'海宁市',91,NULL,NULL,'330481'),(946,'平湖市',91,NULL,NULL,'330482'),(947,'桐乡市',91,NULL,NULL,'330483'),(948,'市辖区',92,NULL,NULL,'330501'),(949,'吴兴区',92,NULL,NULL,'330502'),(950,'南浔区',92,NULL,NULL,'330503'),(951,'德清县',92,NULL,NULL,'330521'),(952,'长兴县',92,NULL,NULL,'330522'),(953,'安吉县',92,NULL,NULL,'330523'),(954,'市辖区',93,NULL,NULL,'330601'),(955,'越城区',93,NULL,NULL,'330602'),(956,'柯桥区',93,NULL,NULL,'330603'),(957,'上虞区',93,NULL,NULL,'330604'),(958,'新昌县',93,NULL,NULL,'330624'),(959,'诸暨市',93,NULL,NULL,'330681'),(960,'嵊州市',93,NULL,NULL,'330683'),(961,'市辖区',94,NULL,NULL,'330701'),(962,'婺城区',94,NULL,NULL,'330702'),(963,'金东区',94,NULL,NULL,'330703'),(964,'武义县',94,NULL,NULL,'330723'),(965,'浦江县',94,NULL,NULL,'330726'),(966,'磐安县',94,NULL,NULL,'330727'),(967,'兰溪市',94,NULL,NULL,'330781'),(968,'义乌市',94,NULL,NULL,'330782'),(969,'东阳市',94,NULL,NULL,'330783'),(970,'永康市',94,NULL,NULL,'330784'),(971,'市辖区',95,NULL,NULL,'330801'),(972,'柯城区',95,NULL,NULL,'330802'),(973,'衢江区',95,NULL,NULL,'330803'),(974,'常山县',95,NULL,NULL,'330822'),(975,'开化县',95,NULL,NULL,'330824'),(976,'龙游县',95,NULL,NULL,'330825'),(977,'江山市',95,NULL,NULL,'330881'),(978,'市辖区',96,NULL,NULL,'330901'),(979,'定海区',96,NULL,NULL,'330902'),(980,'普陀区',96,NULL,NULL,'330903'),(981,'岱山县',96,NULL,NULL,'330921'),(982,'嵊泗县',96,NULL,NULL,'330922'),(983,'市辖区',97,NULL,NULL,'331001'),(984,'椒江区',97,NULL,NULL,'331002'),(985,'黄岩区',97,NULL,NULL,'331003'),(986,'路桥区',97,NULL,NULL,'331004'),(987,'玉环县',97,NULL,NULL,'331021'),(988,'三门县',97,NULL,NULL,'331022'),(989,'天台县',97,NULL,NULL,'331023'),(990,'仙居县',97,NULL,NULL,'331024'),(991,'温岭市',97,NULL,NULL,'331081'),(992,'临海市',97,NULL,NULL,'331082'),(993,'市辖区',98,NULL,NULL,'331101'),(994,'莲都区',98,NULL,NULL,'331102'),(995,'青田县',98,NULL,NULL,'331121'),(996,'缙云县',98,NULL,NULL,'331122'),(997,'遂昌县',98,NULL,NULL,'331123'),(998,'松阳县',98,NULL,NULL,'331124'),(999,'云和县',98,NULL,NULL,'331125'),(1000,'庆元县',98,NULL,NULL,'331126'),(1001,'景宁畲族自治县',98,NULL,NULL,'331127'),(1002,'龙泉市',98,NULL,NULL,'331181'),(1003,'市辖区',99,NULL,NULL,'340101'),(1004,'瑶海区',99,NULL,NULL,'340102'),(1005,'庐阳区',99,NULL,NULL,'340103'),(1006,'蜀山区',99,NULL,NULL,'340104'),(1007,'包河区',99,NULL,NULL,'340111'),(1008,'长丰县',99,NULL,NULL,'340121'),(1009,'肥东县',99,NULL,NULL,'340122'),(1010,'肥西县',99,NULL,NULL,'340123'),(1011,'庐江县',99,NULL,NULL,'340124'),(1012,'巢湖市',99,NULL,NULL,'340181'),(1013,'市辖区',100,NULL,NULL,'340201'),(1014,'镜湖区',100,NULL,NULL,'340202'),(1015,'弋江区',100,NULL,NULL,'340203'),(1016,'鸠江区',100,NULL,NULL,'340207'),(1017,'三山区',100,NULL,NULL,'340208'),(1018,'芜湖县',100,NULL,NULL,'340221'),(1019,'繁昌县',100,NULL,NULL,'340222'),(1020,'南陵县',100,NULL,NULL,'340223'),(1021,'无为县',100,NULL,NULL,'340225'),(1022,'市辖区',101,NULL,NULL,'340301'),(1023,'龙子湖区',101,NULL,NULL,'340302'),(1024,'蚌山区',101,NULL,NULL,'340303'),(1025,'禹会区',101,NULL,NULL,'340304'),(1026,'淮上区',101,NULL,NULL,'340311'),(1027,'怀远县',101,NULL,NULL,'340321'),(1028,'五河县',101,NULL,NULL,'340322'),(1029,'固镇县',101,NULL,NULL,'340323'),(1030,'市辖区',102,NULL,NULL,'340401'),(1031,'大通区',102,NULL,NULL,'340402'),(1032,'田家庵区',102,NULL,NULL,'340403'),(1033,'谢家集区',102,NULL,NULL,'340404'),(1034,'八公山区',102,NULL,NULL,'340405'),(1035,'潘集区',102,NULL,NULL,'340406'),(1036,'凤台县',102,NULL,NULL,'340421'),(1037,'寿县',102,NULL,NULL,'340422'),(1038,'市辖区',103,NULL,NULL,'340501'),(1039,'花山区',103,NULL,NULL,'340503'),(1040,'雨山区',103,NULL,NULL,'340504'),(1041,'博望区',103,NULL,NULL,'340506'),(1042,'当涂县',103,NULL,NULL,'340521'),(1043,'含山县',103,NULL,NULL,'340522'),(1044,'和县',103,NULL,NULL,'340523'),(1045,'市辖区',104,NULL,NULL,'340601'),(1046,'杜集区',104,NULL,NULL,'340602'),(1047,'相山区',104,NULL,NULL,'340603'),(1048,'烈山区',104,NULL,NULL,'340604'),(1049,'濉溪县',104,NULL,NULL,'340621'),(1050,'市辖区',105,NULL,NULL,'340701'),(1051,'铜官区',105,NULL,NULL,'340705'),(1052,'义安区',105,NULL,NULL,'340706'),(1053,'郊区',105,NULL,NULL,'340711'),(1054,'枞阳县',105,NULL,NULL,'340722'),(1055,'市辖区',106,NULL,NULL,'340801'),(1056,'迎江区',106,NULL,NULL,'340802'),(1057,'大观区',106,NULL,NULL,'340803'),(1058,'宜秀区',106,NULL,NULL,'340811'),(1059,'怀宁县',106,NULL,NULL,'340822'),(1060,'潜山县',106,NULL,NULL,'340824'),(1061,'太湖县',106,NULL,NULL,'340825'),(1062,'宿松县',106,NULL,NULL,'340826'),(1063,'望江县',106,NULL,NULL,'340827'),(1064,'岳西县',106,NULL,NULL,'340828'),(1065,'桐城市',106,NULL,NULL,'340881'),(1066,'市辖区',107,NULL,NULL,'341001'),(1067,'屯溪区',107,NULL,NULL,'341002'),(1068,'黄山区',107,NULL,NULL,'341003'),(1069,'徽州区',107,NULL,NULL,'341004'),(1070,'歙县',107,NULL,NULL,'341021'),(1071,'休宁县',107,NULL,NULL,'341022'),(1072,'黟县',107,NULL,NULL,'341023'),(1073,'祁门县',107,NULL,NULL,'341024'),(1074,'市辖区',108,NULL,NULL,'341101'),(1075,'琅琊区',108,NULL,NULL,'341102'),(1076,'南谯区',108,NULL,NULL,'341103'),(1077,'来安县',108,NULL,NULL,'341122'),(1078,'全椒县',108,NULL,NULL,'341124'),(1079,'定远县',108,NULL,NULL,'341125'),(1080,'凤阳县',108,NULL,NULL,'341126'),(1081,'天长市',108,NULL,NULL,'341181'),(1082,'明光市',108,NULL,NULL,'341182'),(1083,'市辖区',109,NULL,NULL,'341201'),(1084,'颍州区',109,NULL,NULL,'341202'),(1085,'颍东区',109,NULL,NULL,'341203'),(1086,'颍泉区',109,NULL,NULL,'341204'),(1087,'临泉县',109,NULL,NULL,'341221'),(1088,'太和县',109,NULL,NULL,'341222'),(1089,'阜南县',109,NULL,NULL,'341225'),(1090,'颍上县',109,NULL,NULL,'341226'),(1091,'界首市',109,NULL,NULL,'341282'),(1092,'市辖区',110,NULL,NULL,'341301'),(1093,'埇桥区',110,NULL,NULL,'341302'),(1094,'砀山县',110,NULL,NULL,'341321'),(1095,'萧县',110,NULL,NULL,'341322'),(1096,'灵璧县',110,NULL,NULL,'341323'),(1097,'泗县',110,NULL,NULL,'341324'),(1098,'市辖区',111,NULL,NULL,'341501'),(1099,'金安区',111,NULL,NULL,'341502'),(1100,'裕安区',111,NULL,NULL,'341503'),(1101,'叶集区',111,NULL,NULL,'341504'),(1102,'霍邱县',111,NULL,NULL,'341522'),(1103,'舒城县',111,NULL,NULL,'341523'),(1104,'金寨县',111,NULL,NULL,'341524'),(1105,'霍山县',111,NULL,NULL,'341525'),(1106,'市辖区',112,NULL,NULL,'341601'),(1107,'谯城区',112,NULL,NULL,'341602'),(1108,'涡阳县',112,NULL,NULL,'341621'),(1109,'蒙城县',112,NULL,NULL,'341622'),(1110,'利辛县',112,NULL,NULL,'341623'),(1111,'市辖区',113,NULL,NULL,'341701'),(1112,'贵池区',113,NULL,NULL,'341702'),(1113,'东至县',113,NULL,NULL,'341721'),(1114,'石台县',113,NULL,NULL,'341722'),(1115,'青阳县',113,NULL,NULL,'341723'),(1116,'市辖区',114,NULL,NULL,'341801'),(1117,'宣州区',114,NULL,NULL,'341802'),(1118,'郎溪县',114,NULL,NULL,'341821'),(1119,'广德县',114,NULL,NULL,'341822'),(1120,'泾县',114,NULL,NULL,'341823'),(1121,'绩溪县',114,NULL,NULL,'341824'),(1122,'旌德县',114,NULL,NULL,'341825'),(1123,'宁国市',114,NULL,NULL,'341881'),(1124,'市辖区',115,NULL,NULL,'350101'),(1125,'鼓楼区',115,NULL,NULL,'350102'),(1126,'台江区',115,NULL,NULL,'350103'),(1127,'仓山区',115,NULL,NULL,'350104'),(1128,'马尾区',115,NULL,NULL,'350105'),(1129,'晋安区',115,NULL,NULL,'350111'),(1130,'闽侯县',115,NULL,NULL,'350121'),(1131,'连江县',115,NULL,NULL,'350122'),(1132,'罗源县',115,NULL,NULL,'350123'),(1133,'闽清县',115,NULL,NULL,'350124'),(1134,'永泰县',115,NULL,NULL,'350125'),(1135,'平潭县',115,NULL,NULL,'350128'),(1136,'福清市',115,NULL,NULL,'350181'),(1137,'长乐市',115,NULL,NULL,'350182'),(1138,'市辖区',116,NULL,NULL,'350201'),(1139,'思明区',116,NULL,NULL,'350203'),(1140,'海沧区',116,NULL,NULL,'350205'),(1141,'湖里区',116,NULL,NULL,'350206'),(1142,'集美区',116,NULL,NULL,'350211'),(1143,'同安区',116,NULL,NULL,'350212'),(1144,'翔安区',116,NULL,NULL,'350213'),(1145,'市辖区',117,NULL,NULL,'350301'),(1146,'城厢区',117,NULL,NULL,'350302'),(1147,'涵江区',117,NULL,NULL,'350303'),(1148,'荔城区',117,NULL,NULL,'350304'),(1149,'秀屿区',117,NULL,NULL,'350305'),(1150,'仙游县',117,NULL,NULL,'350322'),(1151,'市辖区',118,NULL,NULL,'350401'),(1152,'梅列区',118,NULL,NULL,'350402'),(1153,'三元区',118,NULL,NULL,'350403'),(1154,'明溪县',118,NULL,NULL,'350421'),(1155,'清流县',118,NULL,NULL,'350423'),(1156,'宁化县',118,NULL,NULL,'350424'),(1157,'大田县',118,NULL,NULL,'350425'),(1158,'尤溪县',118,NULL,NULL,'350426'),(1159,'沙县',118,NULL,NULL,'350427'),(1160,'将乐县',118,NULL,NULL,'350428'),(1161,'泰宁县',118,NULL,NULL,'350429'),(1162,'建宁县',118,NULL,NULL,'350430'),(1163,'永安市',118,NULL,NULL,'350481'),(1164,'市辖区',119,NULL,NULL,'350501'),(1165,'鲤城区',119,NULL,NULL,'350502'),(1166,'丰泽区',119,NULL,NULL,'350503'),(1167,'洛江区',119,NULL,NULL,'350504'),(1168,'泉港区',119,NULL,NULL,'350505'),(1169,'惠安县',119,NULL,NULL,'350521'),(1170,'安溪县',119,NULL,NULL,'350524'),(1171,'永春县',119,NULL,NULL,'350525'),(1172,'德化县',119,NULL,NULL,'350526'),(1173,'金门县',119,NULL,NULL,'350527'),(1174,'石狮市',119,NULL,NULL,'350581'),(1175,'晋江市',119,NULL,NULL,'350582'),(1176,'南安市',119,NULL,NULL,'350583'),(1177,'市辖区',120,NULL,NULL,'350601'),(1178,'芗城区',120,NULL,NULL,'350602'),(1179,'龙文区',120,NULL,NULL,'350603'),(1180,'云霄县',120,NULL,NULL,'350622'),(1181,'漳浦县',120,NULL,NULL,'350623'),(1182,'诏安县',120,NULL,NULL,'350624'),(1183,'长泰县',120,NULL,NULL,'350625'),(1184,'东山县',120,NULL,NULL,'350626'),(1185,'南靖县',120,NULL,NULL,'350627'),(1186,'平和县',120,NULL,NULL,'350628'),(1187,'华安县',120,NULL,NULL,'350629'),(1188,'龙海市',120,NULL,NULL,'350681'),(1189,'市辖区',121,NULL,NULL,'350701'),(1190,'延平区',121,NULL,NULL,'350702'),(1191,'建阳区',121,NULL,NULL,'350703'),(1192,'顺昌县',121,NULL,NULL,'350721'),(1193,'浦城县',121,NULL,NULL,'350722'),(1194,'光泽县',121,NULL,NULL,'350723'),(1195,'松溪县',121,NULL,NULL,'350724'),(1196,'政和县',121,NULL,NULL,'350725'),(1197,'邵武市',121,NULL,NULL,'350781'),(1198,'武夷山市',121,NULL,NULL,'350782'),(1199,'建瓯市',121,NULL,NULL,'350783'),(1200,'市辖区',122,NULL,NULL,'350801'),(1201,'新罗区',122,NULL,NULL,'350802'),(1202,'永定区',122,NULL,NULL,'350803'),(1203,'长汀县',122,NULL,NULL,'350821'),(1204,'上杭县',122,NULL,NULL,'350823'),(1205,'武平县',122,NULL,NULL,'350824'),(1206,'连城县',122,NULL,NULL,'350825'),(1207,'漳平市',122,NULL,NULL,'350881'),(1208,'市辖区',123,NULL,NULL,'350901'),(1209,'蕉城区',123,NULL,NULL,'350902'),(1210,'霞浦县',123,NULL,NULL,'350921'),(1211,'古田县',123,NULL,NULL,'350922'),(1212,'屏南县',123,NULL,NULL,'350923'),(1213,'寿宁县',123,NULL,NULL,'350924'),(1214,'周宁县',123,NULL,NULL,'350925'),(1215,'柘荣县',123,NULL,NULL,'350926'),(1216,'福安市',123,NULL,NULL,'350981'),(1217,'福鼎市',123,NULL,NULL,'350982'),(1218,'市辖区',124,NULL,NULL,'360101'),(1219,'东湖区',124,NULL,NULL,'360102'),(1220,'西湖区',124,NULL,NULL,'360103'),(1221,'青云谱区',124,NULL,NULL,'360104'),(1222,'湾里区',124,NULL,NULL,'360105'),(1223,'青山湖区',124,NULL,NULL,'360111'),(1224,'新建区',124,NULL,NULL,'360112'),(1225,'南昌县',124,NULL,NULL,'360121'),(1226,'安义县',124,NULL,NULL,'360123'),(1227,'进贤县',124,NULL,NULL,'360124'),(1228,'市辖区',125,NULL,NULL,'360201'),(1229,'昌江区',125,NULL,NULL,'360202'),(1230,'珠山区',125,NULL,NULL,'360203'),(1231,'浮梁县',125,NULL,NULL,'360222'),(1232,'乐平市',125,NULL,NULL,'360281'),(1233,'市辖区',126,NULL,NULL,'360301'),(1234,'安源区',126,NULL,NULL,'360302'),(1235,'湘东区',126,NULL,NULL,'360313'),(1236,'莲花县',126,NULL,NULL,'360321'),(1237,'上栗县',126,NULL,NULL,'360322'),(1238,'芦溪县',126,NULL,NULL,'360323'),(1239,'市辖区',127,NULL,NULL,'360401'),(1240,'濂溪区',127,NULL,NULL,'360402'),(1241,'浔阳区',127,NULL,NULL,'360403'),(1242,'九江县',127,NULL,NULL,'360421'),(1243,'武宁县',127,NULL,NULL,'360423'),(1244,'修水县',127,NULL,NULL,'360424'),(1245,'永修县',127,NULL,NULL,'360425'),(1246,'德安县',127,NULL,NULL,'360426'),(1247,'都昌县',127,NULL,NULL,'360428'),(1248,'湖口县',127,NULL,NULL,'360429'),(1249,'彭泽县',127,NULL,NULL,'360430'),(1250,'瑞昌市',127,NULL,NULL,'360481'),(1251,'共青城市',127,NULL,NULL,'360482'),(1252,'庐山市',127,NULL,NULL,'360483'),(1253,'市辖区',128,NULL,NULL,'360501'),(1254,'渝水区',128,NULL,NULL,'360502'),(1255,'分宜县',128,NULL,NULL,'360521'),(1256,'市辖区',129,NULL,NULL,'360601'),(1257,'月湖区',129,NULL,NULL,'360602'),(1258,'余江县',129,NULL,NULL,'360622'),(1259,'贵溪市',129,NULL,NULL,'360681'),(1260,'市辖区',130,NULL,NULL,'360701'),(1261,'章贡区',130,NULL,NULL,'360702'),(1262,'南康区',130,NULL,NULL,'360703'),(1263,'赣县',130,NULL,NULL,'360721'),(1264,'信丰县',130,NULL,NULL,'360722'),(1265,'大余县',130,NULL,NULL,'360723'),(1266,'上犹县',130,NULL,NULL,'360724'),(1267,'崇义县',130,NULL,NULL,'360725'),(1268,'安远县',130,NULL,NULL,'360726'),(1269,'龙南县',130,NULL,NULL,'360727'),(1270,'定南县',130,NULL,NULL,'360728'),(1271,'全南县',130,NULL,NULL,'360729'),(1272,'宁都县',130,NULL,NULL,'360730'),(1273,'于都县',130,NULL,NULL,'360731'),(1274,'兴国县',130,NULL,NULL,'360732'),(1275,'会昌县',130,NULL,NULL,'360733'),(1276,'寻乌县',130,NULL,NULL,'360734'),(1277,'石城县',130,NULL,NULL,'360735'),(1278,'瑞金市',130,NULL,NULL,'360781'),(1279,'市辖区',131,NULL,NULL,'360801'),(1280,'吉州区',131,NULL,NULL,'360802'),(1281,'青原区',131,NULL,NULL,'360803'),(1282,'吉安县',131,NULL,NULL,'360821'),(1283,'吉水县',131,NULL,NULL,'360822'),(1284,'峡江县',131,NULL,NULL,'360823'),(1285,'新干县',131,NULL,NULL,'360824'),(1286,'永丰县',131,NULL,NULL,'360825'),(1287,'泰和县',131,NULL,NULL,'360826'),(1288,'遂川县',131,NULL,NULL,'360827'),(1289,'万安县',131,NULL,NULL,'360828'),(1290,'安福县',131,NULL,NULL,'360829'),(1291,'永新县',131,NULL,NULL,'360830'),(1292,'井冈山市',131,NULL,NULL,'360881'),(1293,'市辖区',132,NULL,NULL,'360901'),(1294,'袁州区',132,NULL,NULL,'360902'),(1295,'奉新县',132,NULL,NULL,'360921'),(1296,'万载县',132,NULL,NULL,'360922'),(1297,'上高县',132,NULL,NULL,'360923'),(1298,'宜丰县',132,NULL,NULL,'360924'),(1299,'靖安县',132,NULL,NULL,'360925'),(1300,'铜鼓县',132,NULL,NULL,'360926'),(1301,'丰城市',132,NULL,NULL,'360981'),(1302,'樟树市',132,NULL,NULL,'360982'),(1303,'高安市',132,NULL,NULL,'360983'),(1304,'市辖区',133,NULL,NULL,'361001'),(1305,'临川区',133,NULL,NULL,'361002'),(1306,'南城县',133,NULL,NULL,'361021'),(1307,'黎川县',133,NULL,NULL,'361022'),(1308,'南丰县',133,NULL,NULL,'361023'),(1309,'崇仁县',133,NULL,NULL,'361024'),(1310,'乐安县',133,NULL,NULL,'361025'),(1311,'宜黄县',133,NULL,NULL,'361026'),(1312,'金溪县',133,NULL,NULL,'361027'),(1313,'资溪县',133,NULL,NULL,'361028'),(1314,'东乡县',133,NULL,NULL,'361029'),(1315,'广昌县',133,NULL,NULL,'361030'),(1316,'市辖区',134,NULL,NULL,'361101'),(1317,'信州区',134,NULL,NULL,'361102'),(1318,'广丰区',134,NULL,NULL,'361103'),(1319,'上饶县',134,NULL,NULL,'361121'),(1320,'玉山县',134,NULL,NULL,'361123'),(1321,'铅山县',134,NULL,NULL,'361124'),(1322,'横峰县',134,NULL,NULL,'361125'),(1323,'弋阳县',134,NULL,NULL,'361126'),(1324,'余干县',134,NULL,NULL,'361127'),(1325,'鄱阳县',134,NULL,NULL,'361128'),(1326,'万年县',134,NULL,NULL,'361129'),(1327,'婺源县',134,NULL,NULL,'361130'),(1328,'德兴市',134,NULL,NULL,'361181'),(1329,'市辖区',135,NULL,NULL,'370101'),(1330,'历下区',135,NULL,NULL,'370102'),(1331,'市中区',135,NULL,NULL,'370103'),(1332,'槐荫区',135,NULL,NULL,'370104'),(1333,'天桥区',135,NULL,NULL,'370105'),(1334,'历城区',135,NULL,NULL,'370112'),(1335,'长清区',135,NULL,NULL,'370113'),(1336,'平阴县',135,NULL,NULL,'370124'),(1337,'济阳县',135,NULL,NULL,'370125'),(1338,'商河县',135,NULL,NULL,'370126'),(1339,'章丘市',135,NULL,NULL,'370181'),(1340,'市辖区',136,NULL,NULL,'370201'),(1341,'市南区',136,NULL,NULL,'370202'),(1342,'市北区',136,NULL,NULL,'370203'),(1343,'黄岛区',136,NULL,NULL,'370211'),(1344,'崂山区',136,NULL,NULL,'370212'),(1345,'李沧区',136,NULL,NULL,'370213'),(1346,'城阳区',136,NULL,NULL,'370214'),(1347,'胶州市',136,NULL,NULL,'370281'),(1348,'即墨市',136,NULL,NULL,'370282'),(1349,'平度市',136,NULL,NULL,'370283'),(1350,'莱西市',136,NULL,NULL,'370285'),(1351,'市辖区',137,NULL,NULL,'370301'),(1352,'淄川区',137,NULL,NULL,'370302'),(1353,'张店区',137,NULL,NULL,'370303'),(1354,'博山区',137,NULL,NULL,'370304'),(1355,'临淄区',137,NULL,NULL,'370305'),(1356,'周村区',137,NULL,NULL,'370306'),(1357,'桓台县',137,NULL,NULL,'370321'),(1358,'高青县',137,NULL,NULL,'370322'),(1359,'沂源县',137,NULL,NULL,'370323'),(1360,'市辖区',138,NULL,NULL,'370401'),(1361,'市中区',138,NULL,NULL,'370402'),(1362,'薛城区',138,NULL,NULL,'370403'),(1363,'峄城区',138,NULL,NULL,'370404'),(1364,'台儿庄区',138,NULL,NULL,'370405'),(1365,'山亭区',138,NULL,NULL,'370406'),(1366,'滕州市',138,NULL,NULL,'370481'),(1367,'市辖区',139,NULL,NULL,'370501'),(1368,'东营区',139,NULL,NULL,'370502'),(1369,'河口区',139,NULL,NULL,'370503'),(1370,'垦利区',139,NULL,NULL,'370505'),(1371,'利津县',139,NULL,NULL,'370522'),(1372,'广饶县',139,NULL,NULL,'370523'),(1373,'市辖区',140,NULL,NULL,'370601'),(1374,'芝罘区',140,NULL,NULL,'370602'),(1375,'福山区',140,NULL,NULL,'370611'),(1376,'牟平区',140,NULL,NULL,'370612'),(1377,'莱山区',140,NULL,NULL,'370613'),(1378,'长岛县',140,NULL,NULL,'370634'),(1379,'龙口市',140,NULL,NULL,'370681'),(1380,'莱阳市',140,NULL,NULL,'370682'),(1381,'莱州市',140,NULL,NULL,'370683'),(1382,'蓬莱市',140,NULL,NULL,'370684'),(1383,'招远市',140,NULL,NULL,'370685'),(1384,'栖霞市',140,NULL,NULL,'370686'),(1385,'海阳市',140,NULL,NULL,'370687'),(1386,'市辖区',141,NULL,NULL,'370701'),(1387,'潍城区',141,NULL,NULL,'370702'),(1388,'寒亭区',141,NULL,NULL,'370703'),(1389,'坊子区',141,NULL,NULL,'370704'),(1390,'奎文区',141,NULL,NULL,'370705'),(1391,'临朐县',141,NULL,NULL,'370724'),(1392,'昌乐县',141,NULL,NULL,'370725'),(1393,'青州市',141,NULL,NULL,'370781'),(1394,'诸城市',141,NULL,NULL,'370782'),(1395,'寿光市',141,NULL,NULL,'370783'),(1396,'安丘市',141,NULL,NULL,'370784'),(1397,'高密市',141,NULL,NULL,'370785'),(1398,'昌邑市',141,NULL,NULL,'370786'),(1399,'市辖区',142,NULL,NULL,'370801'),(1400,'任城区',142,NULL,NULL,'370811'),(1401,'兖州区',142,NULL,NULL,'370812'),(1402,'微山县',142,NULL,NULL,'370826'),(1403,'鱼台县',142,NULL,NULL,'370827'),(1404,'金乡县',142,NULL,NULL,'370828'),(1405,'嘉祥县',142,NULL,NULL,'370829'),(1406,'汶上县',142,NULL,NULL,'370830'),(1407,'泗水县',142,NULL,NULL,'370831'),(1408,'梁山县',142,NULL,NULL,'370832'),(1409,'曲阜市',142,NULL,NULL,'370881'),(1410,'邹城市',142,NULL,NULL,'370883'),(1411,'市辖区',143,NULL,NULL,'370901'),(1412,'泰山区',143,NULL,NULL,'370902'),(1413,'岱岳区',143,NULL,NULL,'370911'),(1414,'宁阳县',143,NULL,NULL,'370921'),(1415,'东平县',143,NULL,NULL,'370923'),(1416,'新泰市',143,NULL,NULL,'370982'),(1417,'肥城市',143,NULL,NULL,'370983'),(1418,'市辖区',144,NULL,NULL,'371001'),(1419,'环翠区',144,NULL,NULL,'371002'),(1420,'文登区',144,NULL,NULL,'371003'),(1421,'荣成市',144,NULL,NULL,'371082'),(1422,'乳山市',144,NULL,NULL,'371083'),(1423,'市辖区',145,NULL,NULL,'371101'),(1424,'东港区',145,NULL,NULL,'371102'),(1425,'岚山区',145,NULL,NULL,'371103'),(1426,'五莲县',145,NULL,NULL,'371121'),(1427,'莒县',145,NULL,NULL,'371122'),(1428,'市辖区',146,NULL,NULL,'371201'),(1429,'莱城区',146,NULL,NULL,'371202'),(1430,'钢城区',146,NULL,NULL,'371203'),(1431,'市辖区',147,NULL,NULL,'371301'),(1432,'兰山区',147,NULL,NULL,'371302'),(1433,'罗庄区',147,NULL,NULL,'371311'),(1434,'河东区',147,NULL,NULL,'371312'),(1435,'沂南县',147,NULL,NULL,'371321'),(1436,'郯城县',147,NULL,NULL,'371322'),(1437,'沂水县',147,NULL,NULL,'371323'),(1438,'兰陵县',147,NULL,NULL,'371324'),(1439,'费县',147,NULL,NULL,'371325'),(1440,'平邑县',147,NULL,NULL,'371326'),(1441,'莒南县',147,NULL,NULL,'371327'),(1442,'蒙阴县',147,NULL,NULL,'371328'),(1443,'临沭县',147,NULL,NULL,'371329'),(1444,'市辖区',148,NULL,NULL,'371401'),(1445,'德城区',148,NULL,NULL,'371402'),(1446,'陵城区',148,NULL,NULL,'371403'),(1447,'宁津县',148,NULL,NULL,'371422'),(1448,'庆云县',148,NULL,NULL,'371423'),(1449,'临邑县',148,NULL,NULL,'371424'),(1450,'齐河县',148,NULL,NULL,'371425'),(1451,'平原县',148,NULL,NULL,'371426'),(1452,'夏津县',148,NULL,NULL,'371427'),(1453,'武城县',148,NULL,NULL,'371428'),(1454,'乐陵市',148,NULL,NULL,'371481'),(1455,'禹城市',148,NULL,NULL,'371482'),(1456,'市辖区',149,NULL,NULL,'371501'),(1457,'东昌府区',149,NULL,NULL,'371502'),(1458,'阳谷县',149,NULL,NULL,'371521'),(1459,'莘县',149,NULL,NULL,'371522'),(1460,'茌平县',149,NULL,NULL,'371523'),(1461,'东阿县',149,NULL,NULL,'371524'),(1462,'冠县',149,NULL,NULL,'371525'),(1463,'高唐县',149,NULL,NULL,'371526'),(1464,'临清市',149,NULL,NULL,'371581'),(1465,'市辖区',150,NULL,NULL,'371601'),(1466,'滨城区',150,NULL,NULL,'371602'),(1467,'沾化区',150,NULL,NULL,'371603'),(1468,'惠民县',150,NULL,NULL,'371621'),(1469,'阳信县',150,NULL,NULL,'371622'),(1470,'无棣县',150,NULL,NULL,'371623'),(1471,'博兴县',150,NULL,NULL,'371625'),(1472,'邹平县',150,NULL,NULL,'371626'),(1473,'市辖区',151,NULL,NULL,'371701'),(1474,'牡丹区',151,NULL,NULL,'371702'),(1475,'定陶区',151,NULL,NULL,'371703'),(1476,'曹县',151,NULL,NULL,'371721'),(1477,'单县',151,NULL,NULL,'371722'),(1478,'成武县',151,NULL,NULL,'371723'),(1479,'巨野县',151,NULL,NULL,'371724'),(1480,'郓城县',151,NULL,NULL,'371725'),(1481,'鄄城县',151,NULL,NULL,'371726'),(1482,'东明县',151,NULL,NULL,'371728'),(1483,'市辖区',152,NULL,NULL,'410101'),(1484,'中原区',152,NULL,NULL,'410102'),(1485,'二七区',152,NULL,NULL,'410103'),(1486,'管城回族区',152,NULL,NULL,'410104'),(1487,'金水区',152,NULL,NULL,'410105'),(1488,'上街区',152,NULL,NULL,'410106'),(1489,'惠济区',152,NULL,NULL,'410108'),(1490,'中牟县',152,NULL,NULL,'410122'),(1491,'巩义市',152,NULL,NULL,'410181'),(1492,'荥阳市',152,NULL,NULL,'410182'),(1493,'新密市',152,NULL,NULL,'410183'),(1494,'新郑市',152,NULL,NULL,'410184'),(1495,'登封市',152,NULL,NULL,'410185'),(1496,'市辖区',153,NULL,NULL,'410201'),(1497,'龙亭区',153,NULL,NULL,'410202'),(1498,'顺河回族区',153,NULL,NULL,'410203'),(1499,'鼓楼区',153,NULL,NULL,'410204'),(1500,'禹王台区',153,NULL,NULL,'410205'),(1501,'金明区',153,NULL,NULL,'410211'),(1502,'祥符区',153,NULL,NULL,'410212'),(1503,'杞县',153,NULL,NULL,'410221'),(1504,'通许县',153,NULL,NULL,'410222'),(1505,'尉氏县',153,NULL,NULL,'410223'),(1506,'兰考县',153,NULL,NULL,'410225'),(1507,'市辖区',154,NULL,NULL,'410301'),(1508,'老城区',154,NULL,NULL,'410302'),(1509,'西工区',154,NULL,NULL,'410303'),(1510,'瀍河回族区',154,NULL,NULL,'410304'),(1511,'涧西区',154,NULL,NULL,'410305'),(1512,'吉利区',154,NULL,NULL,'410306'),(1513,'洛龙区',154,NULL,NULL,'410311'),(1514,'孟津县',154,NULL,NULL,'410322'),(1515,'新安县',154,NULL,NULL,'410323'),(1516,'栾川县',154,NULL,NULL,'410324'),(1517,'嵩县',154,NULL,NULL,'410325'),(1518,'汝阳县',154,NULL,NULL,'410326'),(1519,'宜阳县',154,NULL,NULL,'410327'),(1520,'洛宁县',154,NULL,NULL,'410328'),(1521,'伊川县',154,NULL,NULL,'410329'),(1522,'偃师市',154,NULL,NULL,'410381'),(1523,'市辖区',155,NULL,NULL,'410401'),(1524,'新华区',155,NULL,NULL,'410402'),(1525,'卫东区',155,NULL,NULL,'410403'),(1526,'石龙区',155,NULL,NULL,'410404'),(1527,'湛河区',155,NULL,NULL,'410411'),(1528,'宝丰县',155,NULL,NULL,'410421'),(1529,'叶县',155,NULL,NULL,'410422'),(1530,'鲁山县',155,NULL,NULL,'410423'),(1531,'郏县',155,NULL,NULL,'410425'),(1532,'舞钢市',155,NULL,NULL,'410481'),(1533,'汝州市',155,NULL,NULL,'410482'),(1534,'市辖区',156,NULL,NULL,'410501'),(1535,'文峰区',156,NULL,NULL,'410502'),(1536,'北关区',156,NULL,NULL,'410503'),(1537,'殷都区',156,NULL,NULL,'410505'),(1538,'龙安区',156,NULL,NULL,'410506'),(1539,'安阳县',156,NULL,NULL,'410522'),(1540,'汤阴县',156,NULL,NULL,'410523'),(1541,'滑县',156,NULL,NULL,'410526'),(1542,'内黄县',156,NULL,NULL,'410527'),(1543,'林州市',156,NULL,NULL,'410581'),(1544,'市辖区',157,NULL,NULL,'410601'),(1545,'鹤山区',157,NULL,NULL,'410602'),(1546,'山城区',157,NULL,NULL,'410603'),(1547,'淇滨区',157,NULL,NULL,'410611'),(1548,'浚县',157,NULL,NULL,'410621'),(1549,'淇县',157,NULL,NULL,'410622'),(1550,'市辖区',158,NULL,NULL,'410701'),(1551,'红旗区',158,NULL,NULL,'410702'),(1552,'卫滨区',158,NULL,NULL,'410703'),(1553,'凤泉区',158,NULL,NULL,'410704'),(1554,'牧野区',158,NULL,NULL,'410711'),(1555,'新乡县',158,NULL,NULL,'410721'),(1556,'获嘉县',158,NULL,NULL,'410724'),(1557,'原阳县',158,NULL,NULL,'410725'),(1558,'延津县',158,NULL,NULL,'410726'),(1559,'封丘县',158,NULL,NULL,'410727'),(1560,'长垣县',158,NULL,NULL,'410728'),(1561,'卫辉市',158,NULL,NULL,'410781'),(1562,'辉县市',158,NULL,NULL,'410782'),(1563,'市辖区',159,NULL,NULL,'410801'),(1564,'解放区',159,NULL,NULL,'410802'),(1565,'中站区',159,NULL,NULL,'410803'),(1566,'马村区',159,NULL,NULL,'410804'),(1567,'山阳区',159,NULL,NULL,'410811'),(1568,'修武县',159,NULL,NULL,'410821'),(1569,'博爱县',159,NULL,NULL,'410822'),(1570,'武陟县',159,NULL,NULL,'410823'),(1571,'温县',159,NULL,NULL,'410825'),(1572,'沁阳市',159,NULL,NULL,'410882'),(1573,'孟州市',159,NULL,NULL,'410883'),(1574,'市辖区',160,NULL,NULL,'410901'),(1575,'华龙区',160,NULL,NULL,'410902'),(1576,'清丰县',160,NULL,NULL,'410922'),(1577,'南乐县',160,NULL,NULL,'410923'),(1578,'范县',160,NULL,NULL,'410926'),(1579,'台前县',160,NULL,NULL,'410927'),(1580,'濮阳县',160,NULL,NULL,'410928'),(1581,'市辖区',161,NULL,NULL,'411001'),(1582,'魏都区',161,NULL,NULL,'411002'),(1583,'许昌县',161,NULL,NULL,'411023'),(1584,'鄢陵县',161,NULL,NULL,'411024'),(1585,'襄城县',161,NULL,NULL,'411025'),(1586,'禹州市',161,NULL,NULL,'411081'),(1587,'长葛市',161,NULL,NULL,'411082'),(1588,'市辖区',162,NULL,NULL,'411101'),(1589,'源汇区',162,NULL,NULL,'411102'),(1590,'郾城区',162,NULL,NULL,'411103'),(1591,'召陵区',162,NULL,NULL,'411104'),(1592,'舞阳县',162,NULL,NULL,'411121'),(1593,'临颍县',162,NULL,NULL,'411122'),(1594,'市辖区',163,NULL,NULL,'411201'),(1595,'湖滨区',163,NULL,NULL,'411202'),(1596,'陕州区',163,NULL,NULL,'411203'),(1597,'渑池县',163,NULL,NULL,'411221'),(1598,'卢氏县',163,NULL,NULL,'411224'),(1599,'义马市',163,NULL,NULL,'411281'),(1600,'灵宝市',163,NULL,NULL,'411282'),(1601,'市辖区',164,NULL,NULL,'411301'),(1602,'宛城区',164,NULL,NULL,'411302'),(1603,'卧龙区',164,NULL,NULL,'411303'),(1604,'南召县',164,NULL,NULL,'411321'),(1605,'方城县',164,NULL,NULL,'411322'),(1606,'西峡县',164,NULL,NULL,'411323'),(1607,'镇平县',164,NULL,NULL,'411324'),(1608,'内乡县',164,NULL,NULL,'411325'),(1609,'淅川县',164,NULL,NULL,'411326'),(1610,'社旗县',164,NULL,NULL,'411327'),(1611,'唐河县',164,NULL,NULL,'411328'),(1612,'新野县',164,NULL,NULL,'411329'),(1613,'桐柏县',164,NULL,NULL,'411330'),(1614,'邓州市',164,NULL,NULL,'411381'),(1615,'市辖区',165,NULL,NULL,'411401'),(1616,'梁园区',165,NULL,NULL,'411402'),(1617,'睢阳区',165,NULL,NULL,'411403'),(1618,'民权县',165,NULL,NULL,'411421'),(1619,'睢县',165,NULL,NULL,'411422'),(1620,'宁陵县',165,NULL,NULL,'411423'),(1621,'柘城县',165,NULL,NULL,'411424'),(1622,'虞城县',165,NULL,NULL,'411425'),(1623,'夏邑县',165,NULL,NULL,'411426'),(1624,'永城市',165,NULL,NULL,'411481'),(1625,'市辖区',166,NULL,NULL,'411501'),(1626,'浉河区',166,NULL,NULL,'411502'),(1627,'平桥区',166,NULL,NULL,'411503'),(1628,'罗山县',166,NULL,NULL,'411521'),(1629,'光山县',166,NULL,NULL,'411522'),(1630,'新县',166,NULL,NULL,'411523'),(1631,'商城县',166,NULL,NULL,'411524'),(1632,'固始县',166,NULL,NULL,'411525'),(1633,'潢川县',166,NULL,NULL,'411526'),(1634,'淮滨县',166,NULL,NULL,'411527'),(1635,'息县',166,NULL,NULL,'411528'),(1636,'市辖区',167,NULL,NULL,'411601'),(1637,'川汇区',167,NULL,NULL,'411602'),(1638,'扶沟县',167,NULL,NULL,'411621'),(1639,'西华县',167,NULL,NULL,'411622'),(1640,'商水县',167,NULL,NULL,'411623'),(1641,'沈丘县',167,NULL,NULL,'411624'),(1642,'郸城县',167,NULL,NULL,'411625'),(1643,'淮阳县',167,NULL,NULL,'411626'),(1644,'太康县',167,NULL,NULL,'411627'),(1645,'鹿邑县',167,NULL,NULL,'411628'),(1646,'项城市',167,NULL,NULL,'411681'),(1647,'市辖区',168,NULL,NULL,'411701'),(1648,'驿城区',168,NULL,NULL,'411702'),(1649,'西平县',168,NULL,NULL,'411721'),(1650,'上蔡县',168,NULL,NULL,'411722'),(1651,'平舆县',168,NULL,NULL,'411723'),(1652,'正阳县',168,NULL,NULL,'411724'),(1653,'确山县',168,NULL,NULL,'411725'),(1654,'泌阳县',168,NULL,NULL,'411726'),(1655,'汝南县',168,NULL,NULL,'411727'),(1656,'遂平县',168,NULL,NULL,'411728'),(1657,'新蔡县',168,NULL,NULL,'411729'),(1658,'济源市',169,NULL,NULL,'419001'),(1659,'市辖区',170,NULL,NULL,'420101'),(1660,'江岸区',170,NULL,NULL,'420102'),(1661,'江汉区',170,NULL,NULL,'420103'),(1662,'硚口区',170,NULL,NULL,'420104'),(1663,'汉阳区',170,NULL,NULL,'420105'),(1664,'武昌区',170,NULL,NULL,'420106'),(1665,'青山区',170,NULL,NULL,'420107'),(1666,'洪山区',170,NULL,NULL,'420111'),(1667,'东西湖区',170,NULL,NULL,'420112'),(1668,'汉南区',170,NULL,NULL,'420113'),(1669,'蔡甸区',170,NULL,NULL,'420114'),(1670,'江夏区',170,NULL,NULL,'420115'),(1671,'黄陂区',170,NULL,NULL,'420116'),(1672,'新洲区',170,NULL,NULL,'420117'),(1673,'市辖区',171,NULL,NULL,'420201'),(1674,'黄石港区',171,NULL,NULL,'420202'),(1675,'西塞山区',171,NULL,NULL,'420203'),(1676,'下陆区',171,NULL,NULL,'420204'),(1677,'铁山区',171,NULL,NULL,'420205'),(1678,'阳新县',171,NULL,NULL,'420222'),(1679,'大冶市',171,NULL,NULL,'420281'),(1680,'市辖区',172,NULL,NULL,'420301'),(1681,'茅箭区',172,NULL,NULL,'420302'),(1682,'张湾区',172,NULL,NULL,'420303'),(1683,'郧阳区',172,NULL,NULL,'420304'),(1684,'郧西县',172,NULL,NULL,'420322'),(1685,'竹山县',172,NULL,NULL,'420323'),(1686,'竹溪县',172,NULL,NULL,'420324'),(1687,'房县',172,NULL,NULL,'420325'),(1688,'丹江口市',172,NULL,NULL,'420381'),(1689,'市辖区',173,NULL,NULL,'420501'),(1690,'西陵区',173,NULL,NULL,'420502'),(1691,'伍家岗区',173,NULL,NULL,'420503'),(1692,'点军区',173,NULL,NULL,'420504'),(1693,'猇亭区',173,NULL,NULL,'420505'),(1694,'夷陵区',173,NULL,NULL,'420506'),(1695,'远安县',173,NULL,NULL,'420525'),(1696,'兴山县',173,NULL,NULL,'420526'),(1697,'秭归县',173,NULL,NULL,'420527'),(1698,'长阳土家族自治县',173,NULL,NULL,'420528'),(1699,'五峰土家族自治县',173,NULL,NULL,'420529'),(1700,'宜都市',173,NULL,NULL,'420581'),(1701,'当阳市',173,NULL,NULL,'420582'),(1702,'枝江市',173,NULL,NULL,'420583'),(1703,'市辖区',174,NULL,NULL,'420601'),(1704,'襄城区',174,NULL,NULL,'420602'),(1705,'樊城区',174,NULL,NULL,'420606'),(1706,'襄州区',174,NULL,NULL,'420607'),(1707,'南漳县',174,NULL,NULL,'420624'),(1708,'谷城县',174,NULL,NULL,'420625'),(1709,'保康县',174,NULL,NULL,'420626'),(1710,'老河口市',174,NULL,NULL,'420682'),(1711,'枣阳市',174,NULL,NULL,'420683'),(1712,'宜城市',174,NULL,NULL,'420684'),(1713,'市辖区',175,NULL,NULL,'420701'),(1714,'梁子湖区',175,NULL,NULL,'420702'),(1715,'华容区',175,NULL,NULL,'420703'),(1716,'鄂城区',175,NULL,NULL,'420704'),(1717,'市辖区',176,NULL,NULL,'420801'),(1718,'东宝区',176,NULL,NULL,'420802'),(1719,'掇刀区',176,NULL,NULL,'420804'),(1720,'京山县',176,NULL,NULL,'420821'),(1721,'沙洋县',176,NULL,NULL,'420822'),(1722,'钟祥市',176,NULL,NULL,'420881'),(1723,'市辖区',177,NULL,NULL,'420901'),(1724,'孝南区',177,NULL,NULL,'420902'),(1725,'孝昌县',177,NULL,NULL,'420921'),(1726,'大悟县',177,NULL,NULL,'420922'),(1727,'云梦县',177,NULL,NULL,'420923'),(1728,'应城市',177,NULL,NULL,'420981'),(1729,'安陆市',177,NULL,NULL,'420982'),(1730,'汉川市',177,NULL,NULL,'420984'),(1731,'市辖区',178,NULL,NULL,'421001'),(1732,'沙市区',178,NULL,NULL,'421002'),(1733,'荆州区',178,NULL,NULL,'421003'),(1734,'公安县',178,NULL,NULL,'421022'),(1735,'监利县',178,NULL,NULL,'421023'),(1736,'江陵县',178,NULL,NULL,'421024'),(1737,'石首市',178,NULL,NULL,'421081'),(1738,'洪湖市',178,NULL,NULL,'421083'),(1739,'松滋市',178,NULL,NULL,'421087'),(1740,'市辖区',179,NULL,NULL,'421101'),(1741,'黄州区',179,NULL,NULL,'421102'),(1742,'团风县',179,NULL,NULL,'421121'),(1743,'红安县',179,NULL,NULL,'421122'),(1744,'罗田县',179,NULL,NULL,'421123'),(1745,'英山县',179,NULL,NULL,'421124'),(1746,'浠水县',179,NULL,NULL,'421125'),(1747,'蕲春县',179,NULL,NULL,'421126'),(1748,'黄梅县',179,NULL,NULL,'421127'),(1749,'麻城市',179,NULL,NULL,'421181'),(1750,'武穴市',179,NULL,NULL,'421182'),(1751,'市辖区',180,NULL,NULL,'421201'),(1752,'咸安区',180,NULL,NULL,'421202'),(1753,'嘉鱼县',180,NULL,NULL,'421221'),(1754,'通城县',180,NULL,NULL,'421222'),(1755,'崇阳县',180,NULL,NULL,'421223'),(1756,'通山县',180,NULL,NULL,'421224'),(1757,'赤壁市',180,NULL,NULL,'421281'),(1758,'市辖区',181,NULL,NULL,'421301'),(1759,'曾都区',181,NULL,NULL,'421303'),(1760,'随县',181,NULL,NULL,'421321'),(1761,'广水市',181,NULL,NULL,'421381'),(1762,'恩施市',182,NULL,NULL,'422801'),(1763,'利川市',182,NULL,NULL,'422802'),(1764,'建始县',182,NULL,NULL,'422822'),(1765,'巴东县',182,NULL,NULL,'422823'),(1766,'宣恩县',182,NULL,NULL,'422825'),(1767,'咸丰县',182,NULL,NULL,'422826'),(1768,'来凤县',182,NULL,NULL,'422827'),(1769,'鹤峰县',182,NULL,NULL,'422828'),(1770,'仙桃市',183,NULL,NULL,'429004'),(1771,'潜江市',183,NULL,NULL,'429005'),(1772,'天门市',183,NULL,NULL,'429006'),(1773,'神农架林区',183,NULL,NULL,'429021'),(1774,'市辖区',184,NULL,NULL,'430101'),(1775,'芙蓉区',184,NULL,NULL,'430102'),(1776,'天心区',184,NULL,NULL,'430103'),(1777,'岳麓区',184,NULL,NULL,'430104'),(1778,'开福区',184,NULL,NULL,'430105'),(1779,'雨花区',184,NULL,NULL,'430111'),(1780,'望城区',184,NULL,NULL,'430112'),(1781,'长沙县',184,NULL,NULL,'430121'),(1782,'宁乡县',184,NULL,NULL,'430124'),(1783,'浏阳市',184,NULL,NULL,'430181'),(1784,'市辖区',185,NULL,NULL,'430201'),(1785,'荷塘区',185,NULL,NULL,'430202'),(1786,'芦淞区',185,NULL,NULL,'430203'),(1787,'石峰区',185,NULL,NULL,'430204'),(1788,'天元区',185,NULL,NULL,'430211'),(1789,'株洲县',185,NULL,NULL,'430221'),(1790,'攸县',185,NULL,NULL,'430223'),(1791,'茶陵县',185,NULL,NULL,'430224'),(1792,'炎陵县',185,NULL,NULL,'430225'),(1793,'醴陵市',185,NULL,NULL,'430281'),(1794,'市辖区',186,NULL,NULL,'430301'),(1795,'雨湖区',186,NULL,NULL,'430302'),(1796,'岳塘区',186,NULL,NULL,'430304'),(1797,'湘潭县',186,NULL,NULL,'430321'),(1798,'湘乡市',186,NULL,NULL,'430381'),(1799,'韶山市',186,NULL,NULL,'430382'),(1800,'市辖区',187,NULL,NULL,'430401'),(1801,'珠晖区',187,NULL,NULL,'430405'),(1802,'雁峰区',187,NULL,NULL,'430406'),(1803,'石鼓区',187,NULL,NULL,'430407'),(1804,'蒸湘区',187,NULL,NULL,'430408'),(1805,'南岳区',187,NULL,NULL,'430412'),(1806,'衡阳县',187,NULL,NULL,'430421'),(1807,'衡南县',187,NULL,NULL,'430422'),(1808,'衡山县',187,NULL,NULL,'430423'),(1809,'衡东县',187,NULL,NULL,'430424'),(1810,'祁东县',187,NULL,NULL,'430426'),(1811,'耒阳市',187,NULL,NULL,'430481'),(1812,'常宁市',187,NULL,NULL,'430482'),(1813,'市辖区',188,NULL,NULL,'430501'),(1814,'双清区',188,NULL,NULL,'430502'),(1815,'大祥区',188,NULL,NULL,'430503'),(1816,'北塔区',188,NULL,NULL,'430511'),(1817,'邵东县',188,NULL,NULL,'430521'),(1818,'新邵县',188,NULL,NULL,'430522'),(1819,'邵阳县',188,NULL,NULL,'430523'),(1820,'隆回县',188,NULL,NULL,'430524'),(1821,'洞口县',188,NULL,NULL,'430525'),(1822,'绥宁县',188,NULL,NULL,'430527'),(1823,'新宁县',188,NULL,NULL,'430528'),(1824,'城步苗族自治县',188,NULL,NULL,'430529'),(1825,'武冈市',188,NULL,NULL,'430581'),(1826,'市辖区',189,NULL,NULL,'430601'),(1827,'岳阳楼区',189,NULL,NULL,'430602'),(1828,'云溪区',189,NULL,NULL,'430603'),(1829,'君山区',189,NULL,NULL,'430611'),(1830,'岳阳县',189,NULL,NULL,'430621'),(1831,'华容县',189,NULL,NULL,'430623'),(1832,'湘阴县',189,NULL,NULL,'430624'),(1833,'平江县',189,NULL,NULL,'430626'),(1834,'汨罗市',189,NULL,NULL,'430681'),(1835,'临湘市',189,NULL,NULL,'430682'),(1836,'市辖区',190,NULL,NULL,'430701'),(1837,'武陵区',190,NULL,NULL,'430702'),(1838,'鼎城区',190,NULL,NULL,'430703'),(1839,'安乡县',190,NULL,NULL,'430721'),(1840,'汉寿县',190,NULL,NULL,'430722'),(1841,'澧县',190,NULL,NULL,'430723'),(1842,'临澧县',190,NULL,NULL,'430724'),(1843,'桃源县',190,NULL,NULL,'430725'),(1844,'石门县',190,NULL,NULL,'430726'),(1845,'津市市',190,NULL,NULL,'430781'),(1846,'市辖区',191,NULL,NULL,'430801'),(1847,'永定区',191,NULL,NULL,'430802'),(1848,'武陵源区',191,NULL,NULL,'430811'),(1849,'慈利县',191,NULL,NULL,'430821'),(1850,'桑植县',191,NULL,NULL,'430822'),(1851,'市辖区',192,NULL,NULL,'430901'),(1852,'资阳区',192,NULL,NULL,'430902'),(1853,'赫山区',192,NULL,NULL,'430903'),(1854,'南县',192,NULL,NULL,'430921'),(1855,'桃江县',192,NULL,NULL,'430922'),(1856,'安化县',192,NULL,NULL,'430923'),(1857,'沅江市',192,NULL,NULL,'430981'),(1858,'市辖区',193,NULL,NULL,'431001'),(1859,'北湖区',193,NULL,NULL,'431002'),(1860,'苏仙区',193,NULL,NULL,'431003'),(1861,'桂阳县',193,NULL,NULL,'431021'),(1862,'宜章县',193,NULL,NULL,'431022'),(1863,'永兴县',193,NULL,NULL,'431023'),(1864,'嘉禾县',193,NULL,NULL,'431024'),(1865,'临武县',193,NULL,NULL,'431025'),(1866,'汝城县',193,NULL,NULL,'431026'),(1867,'桂东县',193,NULL,NULL,'431027'),(1868,'安仁县',193,NULL,NULL,'431028'),(1869,'资兴市',193,NULL,NULL,'431081'),(1870,'市辖区',194,NULL,NULL,'431101'),(1871,'零陵区',194,NULL,NULL,'431102'),(1872,'冷水滩区',194,NULL,NULL,'431103'),(1873,'祁阳县',194,NULL,NULL,'431121'),(1874,'东安县',194,NULL,NULL,'431122'),(1875,'双牌县',194,NULL,NULL,'431123'),(1876,'道县',194,NULL,NULL,'431124'),(1877,'江永县',194,NULL,NULL,'431125'),(1878,'宁远县',194,NULL,NULL,'431126'),(1879,'蓝山县',194,NULL,NULL,'431127'),(1880,'新田县',194,NULL,NULL,'431128'),(1881,'江华瑶族自治县',194,NULL,NULL,'431129'),(1882,'市辖区',195,NULL,NULL,'431201'),(1883,'鹤城区',195,NULL,NULL,'431202'),(1884,'中方县',195,NULL,NULL,'431221'),(1885,'沅陵县',195,NULL,NULL,'431222'),(1886,'辰溪县',195,NULL,NULL,'431223'),(1887,'溆浦县',195,NULL,NULL,'431224'),(1888,'会同县',195,NULL,NULL,'431225'),(1889,'麻阳苗族自治县',195,NULL,NULL,'431226'),(1890,'新晃侗族自治县',195,NULL,NULL,'431227'),(1891,'芷江侗族自治县',195,NULL,NULL,'431228'),(1892,'靖州苗族侗族自治县',195,NULL,NULL,'431229'),(1893,'通道侗族自治县',195,NULL,NULL,'431230'),(1894,'洪江市',195,NULL,NULL,'431281'),(1895,'市辖区',196,NULL,NULL,'431301'),(1896,'娄星区',196,NULL,NULL,'431302'),(1897,'双峰县',196,NULL,NULL,'431321'),(1898,'新化县',196,NULL,NULL,'431322'),(1899,'冷水江市',196,NULL,NULL,'431381'),(1900,'涟源市',196,NULL,NULL,'431382'),(1901,'吉首市',197,NULL,NULL,'433101'),(1902,'泸溪县',197,NULL,NULL,'433122'),(1903,'凤凰县',197,NULL,NULL,'433123'),(1904,'花垣县',197,NULL,NULL,'433124'),(1905,'保靖县',197,NULL,NULL,'433125'),(1906,'古丈县',197,NULL,NULL,'433126'),(1907,'永顺县',197,NULL,NULL,'433127'),(1908,'龙山县',197,NULL,NULL,'433130'),(1909,'市辖区',198,NULL,NULL,'440101'),(1910,'荔湾区',198,NULL,NULL,'440103'),(1911,'越秀区',198,NULL,NULL,'440104'),(1912,'海珠区',198,NULL,NULL,'440105'),(1913,'天河区',198,NULL,NULL,'440106'),(1914,'白云区',198,NULL,NULL,'440111'),(1915,'黄埔区',198,NULL,NULL,'440112'),(1916,'番禺区',198,NULL,NULL,'440113'),(1917,'花都区',198,NULL,NULL,'440114'),(1918,'南沙区',198,NULL,NULL,'440115'),(1919,'从化区',198,NULL,NULL,'440117'),(1920,'增城区',198,NULL,NULL,'440118'),(1921,'市辖区',199,NULL,NULL,'440201'),(1922,'武江区',199,NULL,NULL,'440203'),(1923,'浈江区',199,NULL,NULL,'440204'),(1924,'曲江区',199,NULL,NULL,'440205'),(1925,'始兴县',199,NULL,NULL,'440222'),(1926,'仁化县',199,NULL,NULL,'440224'),(1927,'翁源县',199,NULL,NULL,'440229'),(1928,'乳源瑶族自治县',199,NULL,NULL,'440232'),(1929,'新丰县',199,NULL,NULL,'440233'),(1930,'乐昌市',199,NULL,NULL,'440281'),(1931,'南雄市',199,NULL,NULL,'440282'),(1932,'市辖区',200,NULL,NULL,'440301'),(1933,'罗湖区',200,NULL,NULL,'440303'),(1934,'福田区',200,NULL,NULL,'440304'),(1935,'南山区',200,NULL,NULL,'440305'),(1936,'宝安区',200,NULL,NULL,'440306'),(1937,'龙岗区',200,NULL,NULL,'440307'),(1938,'盐田区',200,NULL,NULL,'440308'),(1939,'市辖区',201,NULL,NULL,'440401'),(1940,'香洲区',201,NULL,NULL,'440402'),(1941,'斗门区',201,NULL,NULL,'440403'),(1942,'金湾区',201,NULL,NULL,'440404'),(1943,'市辖区',202,NULL,NULL,'440501'),(1944,'龙湖区',202,NULL,NULL,'440507'),(1945,'金平区',202,NULL,NULL,'440511'),(1946,'濠江区',202,NULL,NULL,'440512'),(1947,'潮阳区',202,NULL,NULL,'440513'),(1948,'潮南区',202,NULL,NULL,'440514'),(1949,'澄海区',202,NULL,NULL,'440515'),(1950,'南澳县',202,NULL,NULL,'440523'),(1951,'市辖区',203,NULL,NULL,'440601'),(1952,'禅城区',203,NULL,NULL,'440604'),(1953,'南海区',203,NULL,NULL,'440605'),(1954,'顺德区',203,NULL,NULL,'440606'),(1955,'三水区',203,NULL,NULL,'440607'),(1956,'高明区',203,NULL,NULL,'440608'),(1957,'市辖区',204,NULL,NULL,'440701'),(1958,'蓬江区',204,NULL,NULL,'440703'),(1959,'江海区',204,NULL,NULL,'440704'),(1960,'新会区',204,NULL,NULL,'440705'),(1961,'台山市',204,NULL,NULL,'440781'),(1962,'开平市',204,NULL,NULL,'440783'),(1963,'鹤山市',204,NULL,NULL,'440784'),(1964,'恩平市',204,NULL,NULL,'440785'),(1965,'市辖区',205,NULL,NULL,'440801'),(1966,'赤坎区',205,NULL,NULL,'440802'),(1967,'霞山区',205,NULL,NULL,'440803'),(1968,'坡头区',205,NULL,NULL,'440804'),(1969,'麻章区',205,NULL,NULL,'440811'),(1970,'遂溪县',205,NULL,NULL,'440823'),(1971,'徐闻县',205,NULL,NULL,'440825'),(1972,'廉江市',205,NULL,NULL,'440881'),(1973,'雷州市',205,NULL,NULL,'440882'),(1974,'吴川市',205,NULL,NULL,'440883'),(1975,'市辖区',206,NULL,NULL,'440901'),(1976,'茂南区',206,NULL,NULL,'440902'),(1977,'电白区',206,NULL,NULL,'440904'),(1978,'高州市',206,NULL,NULL,'440981'),(1979,'化州市',206,NULL,NULL,'440982'),(1980,'信宜市',206,NULL,NULL,'440983'),(1981,'市辖区',207,NULL,NULL,'441201'),(1982,'端州区',207,NULL,NULL,'441202'),(1983,'鼎湖区',207,NULL,NULL,'441203'),(1984,'高要区',207,NULL,NULL,'441204'),(1985,'广宁县',207,NULL,NULL,'441223'),(1986,'怀集县',207,NULL,NULL,'441224'),(1987,'封开县',207,NULL,NULL,'441225'),(1988,'德庆县',207,NULL,NULL,'441226'),(1989,'四会市',207,NULL,NULL,'441284'),(1990,'市辖区',208,NULL,NULL,'441301'),(1991,'惠城区',208,NULL,NULL,'441302'),(1992,'惠阳区',208,NULL,NULL,'441303'),(1993,'博罗县',208,NULL,NULL,'441322'),(1994,'惠东县',208,NULL,NULL,'441323'),(1995,'龙门县',208,NULL,NULL,'441324'),(1996,'市辖区',209,NULL,NULL,'441401'),(1997,'梅江区',209,NULL,NULL,'441402'),(1998,'梅县区',209,NULL,NULL,'441403'),(1999,'大埔县',209,NULL,NULL,'441422'),(2000,'丰顺县',209,NULL,NULL,'441423'),(2001,'五华县',209,NULL,NULL,'441424'),(2002,'平远县',209,NULL,NULL,'441426'),(2003,'蕉岭县',209,NULL,NULL,'441427'),(2004,'兴宁市',209,NULL,NULL,'441481'),(2005,'市辖区',210,NULL,NULL,'441501'),(2006,'城区',210,NULL,NULL,'441502'),(2007,'海丰县',210,NULL,NULL,'441521'),(2008,'陆河县',210,NULL,NULL,'441523'),(2009,'陆丰市',210,NULL,NULL,'441581'),(2010,'市辖区',211,NULL,NULL,'441601'),(2011,'源城区',211,NULL,NULL,'441602'),(2012,'紫金县',211,NULL,NULL,'441621'),(2013,'龙川县',211,NULL,NULL,'441622'),(2014,'连平县',211,NULL,NULL,'441623'),(2015,'和平县',211,NULL,NULL,'441624'),(2016,'东源县',211,NULL,NULL,'441625'),(2017,'市辖区',212,NULL,NULL,'441701'),(2018,'江城区',212,NULL,NULL,'441702'),(2019,'阳东区',212,NULL,NULL,'441704'),(2020,'阳西县',212,NULL,NULL,'441721'),(2021,'阳春市',212,NULL,NULL,'441781'),(2022,'市辖区',213,NULL,NULL,'441801'),(2023,'清城区',213,NULL,NULL,'441802'),(2024,'清新区',213,NULL,NULL,'441803'),(2025,'佛冈县',213,NULL,NULL,'441821'),(2026,'阳山县',213,NULL,NULL,'441823'),(2027,'连山壮族瑶族自治县',213,NULL,NULL,'441825'),(2028,'连南瑶族自治县',213,NULL,NULL,'441826'),(2029,'英德市',213,NULL,NULL,'441881'),(2030,'连州市',213,NULL,NULL,'441882'),(2031,'市辖区',216,NULL,NULL,'445101'),(2032,'湘桥区',216,NULL,NULL,'445102'),(2033,'潮安区',216,NULL,NULL,'445103'),(2034,'饶平县',216,NULL,NULL,'445122'),(2035,'市辖区',217,NULL,NULL,'445201'),(2036,'榕城区',217,NULL,NULL,'445202'),(2037,'揭东区',217,NULL,NULL,'445203'),(2038,'揭西县',217,NULL,NULL,'445222'),(2039,'惠来县',217,NULL,NULL,'445224'),(2040,'普宁市',217,NULL,NULL,'445281'),(2041,'市辖区',218,NULL,NULL,'445301'),(2042,'云城区',218,NULL,NULL,'445302'),(2043,'云安区',218,NULL,NULL,'445303'),(2044,'新兴县',218,NULL,NULL,'445321'),(2045,'郁南县',218,NULL,NULL,'445322'),(2046,'罗定市',218,NULL,NULL,'445381'),(2047,'市辖区',219,NULL,NULL,'450101'),(2048,'兴宁区',219,NULL,NULL,'450102'),(2049,'青秀区',219,NULL,NULL,'450103'),(2050,'江南区',219,NULL,NULL,'450105'),(2051,'西乡塘区',219,NULL,NULL,'450107'),(2052,'良庆区',219,NULL,NULL,'450108'),(2053,'邕宁区',219,NULL,NULL,'450109'),(2054,'武鸣区',219,NULL,NULL,'450110'),(2055,'隆安县',219,NULL,NULL,'450123'),(2056,'马山县',219,NULL,NULL,'450124'),(2057,'上林县',219,NULL,NULL,'450125'),(2058,'宾阳县',219,NULL,NULL,'450126'),(2059,'横县',219,NULL,NULL,'450127'),(2060,'市辖区',220,NULL,NULL,'450201'),(2061,'城中区',220,NULL,NULL,'450202'),(2062,'鱼峰区',220,NULL,NULL,'450203'),(2063,'柳南区',220,NULL,NULL,'450204'),(2064,'柳北区',220,NULL,NULL,'450205'),(2065,'柳江区',220,NULL,NULL,'450206'),(2066,'柳城县',220,NULL,NULL,'450222'),(2067,'鹿寨县',220,NULL,NULL,'450223'),(2068,'融安县',220,NULL,NULL,'450224'),(2069,'融水苗族自治县',220,NULL,NULL,'450225'),(2070,'三江侗族自治县',220,NULL,NULL,'450226'),(2071,'市辖区',221,NULL,NULL,'450301'),(2072,'秀峰区',221,NULL,NULL,'450302'),(2073,'叠彩区',221,NULL,NULL,'450303'),(2074,'象山区',221,NULL,NULL,'450304'),(2075,'七星区',221,NULL,NULL,'450305'),(2076,'雁山区',221,NULL,NULL,'450311'),(2077,'临桂区',221,NULL,NULL,'450312'),(2078,'阳朔县',221,NULL,NULL,'450321'),(2079,'灵川县',221,NULL,NULL,'450323'),(2080,'全州县',221,NULL,NULL,'450324'),(2081,'兴安县',221,NULL,NULL,'450325'),(2082,'永福县',221,NULL,NULL,'450326'),(2083,'灌阳县',221,NULL,NULL,'450327'),(2084,'龙胜各族自治县',221,NULL,NULL,'450328'),(2085,'资源县',221,NULL,NULL,'450329'),(2086,'平乐县',221,NULL,NULL,'450330'),(2087,'荔浦县',221,NULL,NULL,'450331'),(2088,'恭城瑶族自治县',221,NULL,NULL,'450332'),(2089,'市辖区',222,NULL,NULL,'450401'),(2090,'万秀区',222,NULL,NULL,'450403'),(2091,'长洲区',222,NULL,NULL,'450405'),(2092,'龙圩区',222,NULL,NULL,'450406'),(2093,'苍梧县',222,NULL,NULL,'450421'),(2094,'藤县',222,NULL,NULL,'450422'),(2095,'蒙山县',222,NULL,NULL,'450423'),(2096,'岑溪市',222,NULL,NULL,'450481'),(2097,'市辖区',223,NULL,NULL,'450501'),(2098,'海城区',223,NULL,NULL,'450502'),(2099,'银海区',223,NULL,NULL,'450503'),(2100,'铁山港区',223,NULL,NULL,'450512'),(2101,'合浦县',223,NULL,NULL,'450521'),(2102,'市辖区',224,NULL,NULL,'450601'),(2103,'港口区',224,NULL,NULL,'450602'),(2104,'防城区',224,NULL,NULL,'450603'),(2105,'上思县',224,NULL,NULL,'450621'),(2106,'东兴市',224,NULL,NULL,'450681'),(2107,'市辖区',225,NULL,NULL,'450701'),(2108,'钦南区',225,NULL,NULL,'450702'),(2109,'钦北区',225,NULL,NULL,'450703'),(2110,'灵山县',225,NULL,NULL,'450721'),(2111,'浦北县',225,NULL,NULL,'450722'),(2112,'市辖区',226,NULL,NULL,'450801'),(2113,'港北区',226,NULL,NULL,'450802'),(2114,'港南区',226,NULL,NULL,'450803'),(2115,'覃塘区',226,NULL,NULL,'450804'),(2116,'平南县',226,NULL,NULL,'450821'),(2117,'桂平市',226,NULL,NULL,'450881'),(2118,'市辖区',227,NULL,NULL,'450901'),(2119,'玉州区',227,NULL,NULL,'450902'),(2120,'福绵区',227,NULL,NULL,'450903'),(2121,'容县',227,NULL,NULL,'450921'),(2122,'陆川县',227,NULL,NULL,'450922'),(2123,'博白县',227,NULL,NULL,'450923'),(2124,'兴业县',227,NULL,NULL,'450924'),(2125,'北流市',227,NULL,NULL,'450981'),(2126,'市辖区',228,NULL,NULL,'451001'),(2127,'右江区',228,NULL,NULL,'451002'),(2128,'田阳县',228,NULL,NULL,'451021'),(2129,'田东县',228,NULL,NULL,'451022'),(2130,'平果县',228,NULL,NULL,'451023'),(2131,'德保县',228,NULL,NULL,'451024'),(2132,'那坡县',228,NULL,NULL,'451026'),(2133,'凌云县',228,NULL,NULL,'451027'),(2134,'乐业县',228,NULL,NULL,'451028'),(2135,'田林县',228,NULL,NULL,'451029'),(2136,'西林县',228,NULL,NULL,'451030'),(2137,'隆林各族自治县',228,NULL,NULL,'451031'),(2138,'靖西市',228,NULL,NULL,'451081'),(2139,'市辖区',229,NULL,NULL,'451101'),(2140,'八步区',229,NULL,NULL,'451102'),(2141,'平桂区',229,NULL,NULL,'451103'),(2142,'昭平县',229,NULL,NULL,'451121'),(2143,'钟山县',229,NULL,NULL,'451122'),(2144,'富川瑶族自治县',229,NULL,NULL,'451123'),(2145,'市辖区',230,NULL,NULL,'451201'),(2146,'金城江区',230,NULL,NULL,'451202'),(2147,'南丹县',230,NULL,NULL,'451221'),(2148,'天峨县',230,NULL,NULL,'451222'),(2149,'凤山县',230,NULL,NULL,'451223'),(2150,'东兰县',230,NULL,NULL,'451224'),(2151,'罗城仫佬族自治县',230,NULL,NULL,'451225'),(2152,'环江毛南族自治县',230,NULL,NULL,'451226'),(2153,'巴马瑶族自治县',230,NULL,NULL,'451227'),(2154,'都安瑶族自治县',230,NULL,NULL,'451228'),(2155,'大化瑶族自治县',230,NULL,NULL,'451229'),(2156,'宜州市',230,NULL,NULL,'451281'),(2157,'市辖区',231,NULL,NULL,'451301'),(2158,'兴宾区',231,NULL,NULL,'451302'),(2159,'忻城县',231,NULL,NULL,'451321'),(2160,'象州县',231,NULL,NULL,'451322'),(2161,'武宣县',231,NULL,NULL,'451323'),(2162,'金秀瑶族自治县',231,NULL,NULL,'451324'),(2163,'合山市',231,NULL,NULL,'451381'),(2164,'市辖区',232,NULL,NULL,'451401'),(2165,'江州区',232,NULL,NULL,'451402'),(2166,'扶绥县',232,NULL,NULL,'451421'),(2167,'宁明县',232,NULL,NULL,'451422'),(2168,'龙州县',232,NULL,NULL,'451423'),(2169,'大新县',232,NULL,NULL,'451424'),(2170,'天等县',232,NULL,NULL,'451425'),(2171,'凭祥市',232,NULL,NULL,'451481'),(2172,'市辖区',233,NULL,NULL,'460101'),(2173,'秀英区',233,NULL,NULL,'460105'),(2174,'龙华区',233,NULL,NULL,'460106'),(2175,'琼山区',233,NULL,NULL,'460107'),(2176,'美兰区',233,NULL,NULL,'460108'),(2177,'市辖区',234,NULL,NULL,'460201'),(2178,'海棠区',234,NULL,NULL,'460202'),(2179,'吉阳区',234,NULL,NULL,'460203'),(2180,'天涯区',234,NULL,NULL,'460204'),(2181,'崖州区',234,NULL,NULL,'460205'),(2182,'五指山市',237,NULL,NULL,'469001'),(2183,'琼海市',237,NULL,NULL,'469002'),(2184,'文昌市',237,NULL,NULL,'469005'),(2185,'万宁市',237,NULL,NULL,'469006'),(2186,'东方市',237,NULL,NULL,'469007'),(2187,'定安县',237,NULL,NULL,'469021'),(2188,'屯昌县',237,NULL,NULL,'469022'),(2189,'澄迈县',237,NULL,NULL,'469023'),(2190,'临高县',237,NULL,NULL,'469024'),(2191,'白沙黎族自治县',237,NULL,NULL,'469025'),(2192,'昌江黎族自治县',237,NULL,NULL,'469026'),(2193,'乐东黎族自治县',237,NULL,NULL,'469027'),(2194,'陵水黎族自治县',237,NULL,NULL,'469028'),(2195,'保亭黎族苗族自治县',237,NULL,NULL,'469029'),(2196,'琼中黎族苗族自治县',237,NULL,NULL,'469030'),(2197,'万州区',238,NULL,NULL,'500101'),(2198,'涪陵区',238,NULL,NULL,'500102'),(2199,'渝中区',238,NULL,NULL,'500103'),(2200,'大渡口区',238,NULL,NULL,'500104'),(2201,'江北区',238,NULL,NULL,'500105'),(2202,'沙坪坝区',238,NULL,NULL,'500106'),(2203,'九龙坡区',238,NULL,NULL,'500107'),(2204,'南岸区',238,NULL,NULL,'500108'),(2205,'北碚区',238,NULL,NULL,'500109'),(2206,'綦江区',238,NULL,NULL,'500110'),(2207,'大足区',238,NULL,NULL,'500111'),(2208,'渝北区',238,NULL,NULL,'500112'),(2209,'巴南区',238,NULL,NULL,'500113'),(2210,'黔江区',238,NULL,NULL,'500114'),(2211,'长寿区',238,NULL,NULL,'500115'),(2212,'江津区',238,NULL,NULL,'500116'),(2213,'合川区',238,NULL,NULL,'500117'),(2214,'永川区',238,NULL,NULL,'500118'),(2215,'南川区',238,NULL,NULL,'500119'),(2216,'璧山区',238,NULL,NULL,'500120'),(2217,'铜梁区',238,NULL,NULL,'500151'),(2218,'潼南区',238,NULL,NULL,'500152'),(2219,'荣昌区',238,NULL,NULL,'500153'),(2220,'开州区',238,NULL,NULL,'500154'),(2221,'梁平县',239,NULL,NULL,'500228'),(2222,'城口县',239,NULL,NULL,'500229'),(2223,'丰都县',239,NULL,NULL,'500230'),(2224,'垫江县',239,NULL,NULL,'500231'),(2225,'武隆县',239,NULL,NULL,'500232'),(2226,'忠县',239,NULL,NULL,'500233'),(2227,'云阳县',239,NULL,NULL,'500235'),(2228,'奉节县',239,NULL,NULL,'500236'),(2229,'巫山县',239,NULL,NULL,'500237'),(2230,'巫溪县',239,NULL,NULL,'500238'),(2231,'石柱土家族自治县',239,NULL,NULL,'500240'),(2232,'秀山土家族苗族自治县',239,NULL,NULL,'500241'),(2233,'酉阳土家族苗族自治县',239,NULL,NULL,'500242'),(2234,'彭水苗族土家族自治县',239,NULL,NULL,'500243'),(2235,'市辖区',240,NULL,NULL,'510101'),(2236,'锦江区',240,NULL,NULL,'510104'),(2237,'青羊区',240,NULL,NULL,'510105'),(2238,'金牛区',240,NULL,NULL,'510106'),(2239,'武侯区',240,NULL,NULL,'510107'),(2240,'成华区',240,NULL,NULL,'510108'),(2241,'龙泉驿区',240,NULL,NULL,'510112'),(2242,'青白江区',240,NULL,NULL,'510113'),(2243,'新都区',240,NULL,NULL,'510114'),(2244,'温江区',240,NULL,NULL,'510115'),(2245,'双流区',240,NULL,NULL,'510116'),(2246,'金堂县',240,NULL,NULL,'510121'),(2247,'郫县',240,NULL,NULL,'510124'),(2248,'大邑县',240,NULL,NULL,'510129'),(2249,'蒲江县',240,NULL,NULL,'510131'),(2250,'新津县',240,NULL,NULL,'510132'),(2251,'都江堰市',240,NULL,NULL,'510181'),(2252,'彭州市',240,NULL,NULL,'510182'),(2253,'邛崃市',240,NULL,NULL,'510183'),(2254,'崇州市',240,NULL,NULL,'510184'),(2255,'简阳市',240,NULL,NULL,'510185'),(2256,'市辖区',241,NULL,NULL,'510301'),(2257,'自流井区',241,NULL,NULL,'510302'),(2258,'贡井区',241,NULL,NULL,'510303'),(2259,'大安区',241,NULL,NULL,'510304'),(2260,'沿滩区',241,NULL,NULL,'510311'),(2261,'荣县',241,NULL,NULL,'510321'),(2262,'富顺县',241,NULL,NULL,'510322'),(2263,'市辖区',242,NULL,NULL,'510401'),(2264,'东区',242,NULL,NULL,'510402'),(2265,'西区',242,NULL,NULL,'510403'),(2266,'仁和区',242,NULL,NULL,'510411'),(2267,'米易县',242,NULL,NULL,'510421'),(2268,'盐边县',242,NULL,NULL,'510422'),(2269,'市辖区',243,NULL,NULL,'510501'),(2270,'江阳区',243,NULL,NULL,'510502'),(2271,'纳溪区',243,NULL,NULL,'510503'),(2272,'龙马潭区',243,NULL,NULL,'510504'),(2273,'泸县',243,NULL,NULL,'510521'),(2274,'合江县',243,NULL,NULL,'510522'),(2275,'叙永县',243,NULL,NULL,'510524'),(2276,'古蔺县',243,NULL,NULL,'510525'),(2277,'市辖区',244,NULL,NULL,'510601'),(2278,'旌阳区',244,NULL,NULL,'510603'),(2279,'中江县',244,NULL,NULL,'510623'),(2280,'罗江县',244,NULL,NULL,'510626'),(2281,'广汉市',244,NULL,NULL,'510681'),(2282,'什邡市',244,NULL,NULL,'510682'),(2283,'绵竹市',244,NULL,NULL,'510683'),(2284,'市辖区',245,NULL,NULL,'510701'),(2285,'涪城区',245,NULL,NULL,'510703'),(2286,'游仙区',245,NULL,NULL,'510704'),(2287,'安州区',245,NULL,NULL,'510705'),(2288,'三台县',245,NULL,NULL,'510722'),(2289,'盐亭县',245,NULL,NULL,'510723'),(2290,'梓潼县',245,NULL,NULL,'510725'),(2291,'北川羌族自治县',245,NULL,NULL,'510726'),(2292,'平武县',245,NULL,NULL,'510727'),(2293,'江油市',245,NULL,NULL,'510781'),(2294,'市辖区',246,NULL,NULL,'510801'),(2295,'利州区',246,NULL,NULL,'510802'),(2296,'昭化区',246,NULL,NULL,'510811'),(2297,'朝天区',246,NULL,NULL,'510812'),(2298,'旺苍县',246,NULL,NULL,'510821'),(2299,'青川县',246,NULL,NULL,'510822'),(2300,'剑阁县',246,NULL,NULL,'510823'),(2301,'苍溪县',246,NULL,NULL,'510824'),(2302,'市辖区',247,NULL,NULL,'510901'),(2303,'船山区',247,NULL,NULL,'510903'),(2304,'安居区',247,NULL,NULL,'510904'),(2305,'蓬溪县',247,NULL,NULL,'510921'),(2306,'射洪县',247,NULL,NULL,'510922'),(2307,'大英县',247,NULL,NULL,'510923'),(2308,'市辖区',248,NULL,NULL,'511001'),(2309,'市中区',248,NULL,NULL,'511002'),(2310,'东兴区',248,NULL,NULL,'511011'),(2311,'威远县',248,NULL,NULL,'511024'),(2312,'资中县',248,NULL,NULL,'511025'),(2313,'隆昌县',248,NULL,NULL,'511028'),(2314,'市辖区',249,NULL,NULL,'511101'),(2315,'市中区',249,NULL,NULL,'511102'),(2316,'沙湾区',249,NULL,NULL,'511111'),(2317,'五通桥区',249,NULL,NULL,'511112'),(2318,'金口河区',249,NULL,NULL,'511113'),(2319,'犍为县',249,NULL,NULL,'511123'),(2320,'井研县',249,NULL,NULL,'511124'),(2321,'夹江县',249,NULL,NULL,'511126'),(2322,'沐川县',249,NULL,NULL,'511129'),(2323,'峨边彝族自治县',249,NULL,NULL,'511132'),(2324,'马边彝族自治县',249,NULL,NULL,'511133'),(2325,'峨眉山市',249,NULL,NULL,'511181'),(2326,'市辖区',250,NULL,NULL,'511301'),(2327,'顺庆区',250,NULL,NULL,'511302'),(2328,'高坪区',250,NULL,NULL,'511303'),(2329,'嘉陵区',250,NULL,NULL,'511304'),(2330,'南部县',250,NULL,NULL,'511321'),(2331,'营山县',250,NULL,NULL,'511322'),(2332,'蓬安县',250,NULL,NULL,'511323'),(2333,'仪陇县',250,NULL,NULL,'511324'),(2334,'西充县',250,NULL,NULL,'511325'),(2335,'阆中市',250,NULL,NULL,'511381'),(2336,'市辖区',251,NULL,NULL,'511401'),(2337,'东坡区',251,NULL,NULL,'511402'),(2338,'彭山区',251,NULL,NULL,'511403'),(2339,'仁寿县',251,NULL,NULL,'511421'),(2340,'洪雅县',251,NULL,NULL,'511423'),(2341,'丹棱县',251,NULL,NULL,'511424'),(2342,'青神县',251,NULL,NULL,'511425'),(2343,'市辖区',252,NULL,NULL,'511501'),(2344,'翠屏区',252,NULL,NULL,'511502'),(2345,'南溪区',252,NULL,NULL,'511503'),(2346,'宜宾县',252,NULL,NULL,'511521'),(2347,'江安县',252,NULL,NULL,'511523'),(2348,'长宁县',252,NULL,NULL,'511524'),(2349,'高县',252,NULL,NULL,'511525'),(2350,'珙县',252,NULL,NULL,'511526'),(2351,'筠连县',252,NULL,NULL,'511527'),(2352,'兴文县',252,NULL,NULL,'511528'),(2353,'屏山县',252,NULL,NULL,'511529'),(2354,'市辖区',253,NULL,NULL,'511601'),(2355,'广安区',253,NULL,NULL,'511602'),(2356,'前锋区',253,NULL,NULL,'511603'),(2357,'岳池县',253,NULL,NULL,'511621'),(2358,'武胜县',253,NULL,NULL,'511622'),(2359,'邻水县',253,NULL,NULL,'511623'),(2360,'华蓥市',253,NULL,NULL,'511681'),(2361,'市辖区',254,NULL,NULL,'511701'),(2362,'通川区',254,NULL,NULL,'511702'),(2363,'达川区',254,NULL,NULL,'511703'),(2364,'宣汉县',254,NULL,NULL,'511722'),(2365,'开江县',254,NULL,NULL,'511723'),(2366,'大竹县',254,NULL,NULL,'511724'),(2367,'渠县',254,NULL,NULL,'511725'),(2368,'万源市',254,NULL,NULL,'511781'),(2369,'市辖区',255,NULL,NULL,'511801'),(2370,'雨城区',255,NULL,NULL,'511802'),(2371,'名山区',255,NULL,NULL,'511803'),(2372,'荥经县',255,NULL,NULL,'511822'),(2373,'汉源县',255,NULL,NULL,'511823'),(2374,'石棉县',255,NULL,NULL,'511824'),(2375,'天全县',255,NULL,NULL,'511825'),(2376,'芦山县',255,NULL,NULL,'511826'),(2377,'宝兴县',255,NULL,NULL,'511827'),(2378,'市辖区',256,NULL,NULL,'511901'),(2379,'巴州区',256,NULL,NULL,'511902'),(2380,'恩阳区',256,NULL,NULL,'511903'),(2381,'通江县',256,NULL,NULL,'511921'),(2382,'南江县',256,NULL,NULL,'511922'),(2383,'平昌县',256,NULL,NULL,'511923'),(2384,'市辖区',257,NULL,NULL,'512001'),(2385,'雁江区',257,NULL,NULL,'512002'),(2386,'安岳县',257,NULL,NULL,'512021'),(2387,'乐至县',257,NULL,NULL,'512022'),(2388,'马尔康市',258,NULL,NULL,'513201'),(2389,'汶川县',258,NULL,NULL,'513221'),(2390,'理县',258,NULL,NULL,'513222'),(2391,'茂县',258,NULL,NULL,'513223'),(2392,'松潘县',258,NULL,NULL,'513224'),(2393,'九寨沟县',258,NULL,NULL,'513225'),(2394,'金川县',258,NULL,NULL,'513226'),(2395,'小金县',258,NULL,NULL,'513227'),(2396,'黑水县',258,NULL,NULL,'513228'),(2397,'壤塘县',258,NULL,NULL,'513230'),(2398,'阿坝县',258,NULL,NULL,'513231'),(2399,'若尔盖县',258,NULL,NULL,'513232'),(2400,'红原县',258,NULL,NULL,'513233'),(2401,'康定市',259,NULL,NULL,'513301'),(2402,'泸定县',259,NULL,NULL,'513322'),(2403,'丹巴县',259,NULL,NULL,'513323'),(2404,'九龙县',259,NULL,NULL,'513324'),(2405,'雅江县',259,NULL,NULL,'513325'),(2406,'道孚县',259,NULL,NULL,'513326'),(2407,'炉霍县',259,NULL,NULL,'513327'),(2408,'甘孜县',259,NULL,NULL,'513328'),(2409,'新龙县',259,NULL,NULL,'513329'),(2410,'德格县',259,NULL,NULL,'513330'),(2411,'白玉县',259,NULL,NULL,'513331'),(2412,'石渠县',259,NULL,NULL,'513332'),(2413,'色达县',259,NULL,NULL,'513333'),(2414,'理塘县',259,NULL,NULL,'513334'),(2415,'巴塘县',259,NULL,NULL,'513335'),(2416,'乡城县',259,NULL,NULL,'513336'),(2417,'稻城县',259,NULL,NULL,'513337'),(2418,'得荣县',259,NULL,NULL,'513338'),(2419,'西昌市',260,NULL,NULL,'513401'),(2420,'木里藏族自治县',260,NULL,NULL,'513422'),(2421,'盐源县',260,NULL,NULL,'513423'),(2422,'德昌县',260,NULL,NULL,'513424'),(2423,'会理县',260,NULL,NULL,'513425'),(2424,'会东县',260,NULL,NULL,'513426'),(2425,'宁南县',260,NULL,NULL,'513427'),(2426,'普格县',260,NULL,NULL,'513428'),(2427,'布拖县',260,NULL,NULL,'513429'),(2428,'金阳县',260,NULL,NULL,'513430'),(2429,'昭觉县',260,NULL,NULL,'513431'),(2430,'喜德县',260,NULL,NULL,'513432'),(2431,'冕宁县',260,NULL,NULL,'513433'),(2432,'越西县',260,NULL,NULL,'513434'),(2433,'甘洛县',260,NULL,NULL,'513435'),(2434,'美姑县',260,NULL,NULL,'513436'),(2435,'雷波县',260,NULL,NULL,'513437'),(2436,'市辖区',261,NULL,NULL,'520101'),(2437,'南明区',261,NULL,NULL,'520102'),(2438,'云岩区',261,NULL,NULL,'520103'),(2439,'花溪区',261,NULL,NULL,'520111'),(2440,'乌当区',261,NULL,NULL,'520112'),(2441,'白云区',261,NULL,NULL,'520113'),(2442,'观山湖区',261,NULL,NULL,'520115'),(2443,'开阳县',261,NULL,NULL,'520121'),(2444,'息烽县',261,NULL,NULL,'520122'),(2445,'修文县',261,NULL,NULL,'520123'),(2446,'清镇市',261,NULL,NULL,'520181'),(2447,'钟山区',262,NULL,NULL,'520201'),(2448,'六枝特区',262,NULL,NULL,'520203'),(2449,'水城县',262,NULL,NULL,'520221'),(2450,'盘县',262,NULL,NULL,'520222'),(2451,'市辖区',263,NULL,NULL,'520301'),(2452,'红花岗区',263,NULL,NULL,'520302'),(2453,'汇川区',263,NULL,NULL,'520303'),(2454,'播州区',263,NULL,NULL,'520304'),(2455,'桐梓县',263,NULL,NULL,'520322'),(2456,'绥阳县',263,NULL,NULL,'520323'),(2457,'正安县',263,NULL,NULL,'520324'),(2458,'道真仡佬族苗族自治县',263,NULL,NULL,'520325'),(2459,'务川仡佬族苗族自治县',263,NULL,NULL,'520326'),(2460,'凤冈县',263,NULL,NULL,'520327'),(2461,'湄潭县',263,NULL,NULL,'520328'),(2462,'余庆县',263,NULL,NULL,'520329'),(2463,'习水县',263,NULL,NULL,'520330'),(2464,'赤水市',263,NULL,NULL,'520381'),(2465,'仁怀市',263,NULL,NULL,'520382'),(2466,'市辖区',264,NULL,NULL,'520401'),(2467,'西秀区',264,NULL,NULL,'520402'),(2468,'平坝区',264,NULL,NULL,'520403'),(2469,'普定县',264,NULL,NULL,'520422'),(2470,'镇宁布依族苗族自治县',264,NULL,NULL,'520423'),(2471,'关岭布依族苗族自治县',264,NULL,NULL,'520424'),(2472,'紫云苗族布依族自治县',264,NULL,NULL,'520425'),(2473,'市辖区',265,NULL,NULL,'520501'),(2474,'七星关区',265,NULL,NULL,'520502'),(2475,'大方县',265,NULL,NULL,'520521'),(2476,'黔西县',265,NULL,NULL,'520522'),(2477,'金沙县',265,NULL,NULL,'520523'),(2478,'织金县',265,NULL,NULL,'520524'),(2479,'纳雍县',265,NULL,NULL,'520525'),(2481,'赫章县',265,NULL,NULL,'520527'),(2482,'市辖区',266,NULL,NULL,'520601'),(2483,'碧江区',266,NULL,NULL,'520602'),(2484,'万山区',266,NULL,NULL,'520603'),(2485,'江口县',266,NULL,NULL,'520621'),(2486,'玉屏侗族自治县',266,NULL,NULL,'520622'),(2487,'石阡县',266,NULL,NULL,'520623'),(2488,'思南县',266,NULL,NULL,'520624'),(2489,'印江土家族苗族自治县',266,NULL,NULL,'520625'),(2490,'德江县',266,NULL,NULL,'520626'),(2491,'沿河土家族自治县',266,NULL,NULL,'520627'),(2492,'松桃苗族自治县',266,NULL,NULL,'520628'),(2493,'兴义市',267,NULL,NULL,'522301'),(2494,'兴仁县',267,NULL,NULL,'522322'),(2495,'普安县',267,NULL,NULL,'522323'),(2496,'晴隆县',267,NULL,NULL,'522324'),(2497,'贞丰县',267,NULL,NULL,'522325'),(2498,'望谟县',267,NULL,NULL,'522326'),(2499,'册亨县',267,NULL,NULL,'522327'),(2500,'安龙县',267,NULL,NULL,'522328'),(2501,'凯里市',268,NULL,NULL,'522601'),(2502,'黄平县',268,NULL,NULL,'522622'),(2503,'施秉县',268,NULL,NULL,'522623'),(2504,'三穗县',268,NULL,NULL,'522624'),(2505,'镇远县',268,NULL,NULL,'522625'),(2506,'岑巩县',268,NULL,NULL,'522626'),(2507,'天柱县',268,NULL,NULL,'522627'),(2508,'锦屏县',268,NULL,NULL,'522628'),(2509,'剑河县',268,NULL,NULL,'522629'),(2510,'台江县',268,NULL,NULL,'522630'),(2511,'黎平县',268,NULL,NULL,'522631'),(2512,'榕江县',268,NULL,NULL,'522632'),(2513,'从江县',268,NULL,NULL,'522633'),(2514,'雷山县',268,NULL,NULL,'522634'),(2515,'麻江县',268,NULL,NULL,'522635'),(2516,'丹寨县',268,NULL,NULL,'522636'),(2517,'都匀市',269,NULL,NULL,'522701'),(2518,'福泉市',269,NULL,NULL,'522702'),(2519,'荔波县',269,NULL,NULL,'522722'),(2520,'贵定县',269,NULL,NULL,'522723'),(2521,'瓮安县',269,NULL,NULL,'522725'),(2522,'独山县',269,NULL,NULL,'522726'),(2523,'平塘县',269,NULL,NULL,'522727'),(2524,'罗甸县',269,NULL,NULL,'522728'),(2525,'长顺县',269,NULL,NULL,'522729'),(2526,'龙里县',269,NULL,NULL,'522730'),(2527,'惠水县',269,NULL,NULL,'522731'),(2528,'三都水族自治县',269,NULL,NULL,'522732'),(2529,'市辖区',270,NULL,NULL,'530101'),(2530,'五华区',270,NULL,NULL,'530102'),(2531,'盘龙区',270,NULL,NULL,'530103'),(2532,'官渡区',270,NULL,NULL,'530111'),(2533,'西山区',270,NULL,NULL,'530112'),(2534,'东川区',270,NULL,NULL,'530113'),(2535,'呈贡区',270,NULL,NULL,'530114'),(2536,'晋宁县',270,NULL,NULL,'530122'),(2537,'富民县',270,NULL,NULL,'530124'),(2538,'宜良县',270,NULL,NULL,'530125'),(2539,'石林彝族自治县',270,NULL,NULL,'530126'),(2540,'嵩明县',270,NULL,NULL,'530127'),(2541,'禄劝彝族苗族自治县',270,NULL,NULL,'530128'),(2542,'寻甸回族彝族自治县',270,NULL,NULL,'530129'),(2543,'安宁市',270,NULL,NULL,'530181'),(2544,'市辖区',271,NULL,NULL,'530301'),(2545,'麒麟区',271,NULL,NULL,'530302'),(2546,'沾益区',271,NULL,NULL,'530303'),(2547,'马龙县',271,NULL,NULL,'530321'),(2548,'陆良县',271,NULL,NULL,'530322'),(2549,'师宗县',271,NULL,NULL,'530323'),(2550,'罗平县',271,NULL,NULL,'530324'),(2551,'富源县',271,NULL,NULL,'530325'),(2552,'会泽县',271,NULL,NULL,'530326'),(2553,'宣威市',271,NULL,NULL,'530381'),(2554,'市辖区',272,NULL,NULL,'530401'),(2555,'红塔区',272,NULL,NULL,'530402'),(2556,'江川区',272,NULL,NULL,'530403'),(2557,'澄江县',272,NULL,NULL,'530422'),(2558,'通海县',272,NULL,NULL,'530423'),(2559,'华宁县',272,NULL,NULL,'530424'),(2560,'易门县',272,NULL,NULL,'530425'),(2561,'峨山彝族自治县',272,NULL,NULL,'530426'),(2562,'新平彝族傣族自治县',272,NULL,NULL,'530427'),(2564,'市辖区',273,NULL,NULL,'530501'),(2565,'隆阳区',273,NULL,NULL,'530502'),(2566,'施甸县',273,NULL,NULL,'530521'),(2567,'龙陵县',273,NULL,NULL,'530523'),(2568,'昌宁县',273,NULL,NULL,'530524'),(2569,'腾冲市',273,NULL,NULL,'530581'),(2570,'市辖区',274,NULL,NULL,'530601'),(2571,'昭阳区',274,NULL,NULL,'530602'),(2572,'鲁甸县',274,NULL,NULL,'530621'),(2573,'巧家县',274,NULL,NULL,'530622'),(2574,'盐津县',274,NULL,NULL,'530623'),(2575,'大关县',274,NULL,NULL,'530624'),(2576,'永善县',274,NULL,NULL,'530625'),(2577,'绥江县',274,NULL,NULL,'530626'),(2578,'镇雄县',274,NULL,NULL,'530627'),(2579,'彝良县',274,NULL,NULL,'530628'),(2580,'威信县',274,NULL,NULL,'530629'),(2581,'水富县',274,NULL,NULL,'530630'),(2582,'市辖区',275,NULL,NULL,'530701'),(2583,'古城区',275,NULL,NULL,'530702'),(2584,'玉龙纳西族自治县',275,NULL,NULL,'530721'),(2585,'永胜县',275,NULL,NULL,'530722'),(2586,'华坪县',275,NULL,NULL,'530723'),(2587,'宁蒗彝族自治县',275,NULL,NULL,'530724'),(2588,'市辖区',276,NULL,NULL,'530801'),(2589,'思茅区',276,NULL,NULL,'530802'),(2590,'宁洱哈尼族彝族自治县',276,NULL,NULL,'530821'),(2591,'墨江哈尼族自治县',276,NULL,NULL,'530822'),(2592,'景东彝族自治县',276,NULL,NULL,'530823'),(2593,'景谷傣族彝族自治县',276,NULL,NULL,'530824'),(2595,'江城哈尼族彝族自治县',276,NULL,NULL,'530826'),(2597,'澜沧拉祜族自治县',276,NULL,NULL,'530828'),(2598,'西盟佤族自治县',276,NULL,NULL,'530829'),(2599,'市辖区',277,NULL,NULL,'530901'),(2600,'临翔区',277,NULL,NULL,'530902'),(2601,'凤庆县',277,NULL,NULL,'530921'),(2602,'云县',277,NULL,NULL,'530922'),(2603,'永德县',277,NULL,NULL,'530923'),(2604,'镇康县',277,NULL,NULL,'530924'),(2606,'耿马傣族佤族自治县',277,NULL,NULL,'530926'),(2607,'沧源佤族自治县',277,NULL,NULL,'530927'),(2608,'楚雄市',278,NULL,NULL,'532301'),(2609,'双柏县',278,NULL,NULL,'532322'),(2610,'牟定县',278,NULL,NULL,'532323'),(2611,'南华县',278,NULL,NULL,'532324'),(2612,'姚安县',278,NULL,NULL,'532325'),(2613,'大姚县',278,NULL,NULL,'532326'),(2614,'永仁县',278,NULL,NULL,'532327'),(2615,'元谋县',278,NULL,NULL,'532328'),(2616,'武定县',278,NULL,NULL,'532329'),(2617,'禄丰县',278,NULL,NULL,'532331'),(2618,'个旧市',279,NULL,NULL,'532501'),(2619,'开远市',279,NULL,NULL,'532502'),(2620,'蒙自市',279,NULL,NULL,'532503'),(2621,'弥勒市',279,NULL,NULL,'532504'),(2622,'屏边苗族自治县',279,NULL,NULL,'532523'),(2623,'建水县',279,NULL,NULL,'532524'),(2624,'石屏县',279,NULL,NULL,'532525'),(2625,'泸西县',279,NULL,NULL,'532527'),(2626,'元阳县',279,NULL,NULL,'532528'),(2627,'红河县',279,NULL,NULL,'532529'),(2629,'绿春县',279,NULL,NULL,'532531'),(2630,'河口瑶族自治县',279,NULL,NULL,'532532'),(2631,'文山市',280,NULL,NULL,'532601'),(2632,'砚山县',280,NULL,NULL,'532622'),(2633,'西畴县',280,NULL,NULL,'532623'),(2634,'麻栗坡县',280,NULL,NULL,'532624'),(2635,'马关县',280,NULL,NULL,'532625'),(2636,'丘北县',280,NULL,NULL,'532626'),(2637,'广南县',280,NULL,NULL,'532627'),(2638,'富宁县',280,NULL,NULL,'532628'),(2639,'景洪市',281,NULL,NULL,'532801'),(2640,'勐海县',281,NULL,NULL,'532822'),(2641,'勐腊县',281,NULL,NULL,'532823'),(2642,'大理市',282,NULL,NULL,'532901'),(2643,'漾濞彝族自治县',282,NULL,NULL,'532922'),(2644,'祥云县',282,NULL,NULL,'532923'),(2645,'宾川县',282,NULL,NULL,'532924'),(2646,'弥渡县',282,NULL,NULL,'532925'),(2647,'南涧彝族自治县',282,NULL,NULL,'532926'),(2648,'巍山彝族回族自治县',282,NULL,NULL,'532927'),(2649,'永平县',282,NULL,NULL,'532928'),(2650,'云龙县',282,NULL,NULL,'532929'),(2651,'洱源县',282,NULL,NULL,'532930'),(2652,'剑川县',282,NULL,NULL,'532931'),(2653,'鹤庆县',282,NULL,NULL,'532932'),(2654,'瑞丽市',283,NULL,NULL,'533102'),(2655,'芒市',283,NULL,NULL,'533103'),(2656,'梁河县',283,NULL,NULL,'533122'),(2657,'盈江县',283,NULL,NULL,'533123'),(2658,'陇川县',283,NULL,NULL,'533124'),(2659,'泸水市',284,NULL,NULL,'533301'),(2660,'福贡县',284,NULL,NULL,'533323'),(2661,'贡山独龙族怒族自治县',284,NULL,NULL,'533324'),(2662,'兰坪白族普米族自治县',284,NULL,NULL,'533325'),(2663,'香格里拉市',285,NULL,NULL,'533401'),(2664,'德钦县',285,NULL,NULL,'533422'),(2665,'维西傈僳族自治县',285,NULL,NULL,'533423'),(2666,'市辖区',286,NULL,NULL,'540101'),(2667,'城关区',286,NULL,NULL,'540102'),(2668,'堆龙德庆区',286,NULL,NULL,'540103'),(2669,'林周县',286,NULL,NULL,'540121'),(2670,'当雄县',286,NULL,NULL,'540122'),(2671,'尼木县',286,NULL,NULL,'540123'),(2672,'曲水县',286,NULL,NULL,'540124'),(2673,'达孜县',286,NULL,NULL,'540126'),(2674,'墨竹工卡县',286,NULL,NULL,'540127'),(2675,'桑珠孜区',287,NULL,NULL,'540202'),(2676,'南木林县',287,NULL,NULL,'540221'),(2677,'江孜县',287,NULL,NULL,'540222'),(2678,'定日县',287,NULL,NULL,'540223'),(2679,'萨迦县',287,NULL,NULL,'540224'),(2680,'拉孜县',287,NULL,NULL,'540225'),(2681,'昂仁县',287,NULL,NULL,'540226'),(2682,'谢通门县',287,NULL,NULL,'540227'),(2683,'白朗县',287,NULL,NULL,'540228'),(2684,'仁布县',287,NULL,NULL,'540229'),(2685,'康马县',287,NULL,NULL,'540230'),(2686,'定结县',287,NULL,NULL,'540231'),(2687,'仲巴县',287,NULL,NULL,'540232'),(2688,'亚东县',287,NULL,NULL,'540233'),(2689,'吉隆县',287,NULL,NULL,'540234'),(2690,'聂拉木县',287,NULL,NULL,'540235'),(2691,'萨嘎县',287,NULL,NULL,'540236'),(2692,'岗巴县',287,NULL,NULL,'540237'),(2693,'卡若区',288,NULL,NULL,'540302'),(2694,'江达县',288,NULL,NULL,'540321'),(2695,'贡觉县',288,NULL,NULL,'540322'),(2696,'类乌齐县',288,NULL,NULL,'540323'),(2697,'丁青县',288,NULL,NULL,'540324'),(2698,'察雅县',288,NULL,NULL,'540325'),(2699,'八宿县',288,NULL,NULL,'540326'),(2700,'左贡县',288,NULL,NULL,'540327'),(2701,'芒康县',288,NULL,NULL,'540328'),(2702,'洛隆县',288,NULL,NULL,'540329'),(2703,'边坝县',288,NULL,NULL,'540330'),(2704,'巴宜区',289,NULL,NULL,'540402'),(2705,'工布江达县',289,NULL,NULL,'540421'),(2706,'米林县',289,NULL,NULL,'540422'),(2707,'墨脱县',289,NULL,NULL,'540423'),(2708,'波密县',289,NULL,NULL,'540424'),(2709,'察隅县',289,NULL,NULL,'540425'),(2710,'朗县',289,NULL,NULL,'540426'),(2711,'市辖区',290,NULL,NULL,'540501'),(2712,'乃东区',290,NULL,NULL,'540502'),(2713,'扎囊县',290,NULL,NULL,'540521'),(2714,'贡嘎县',290,NULL,NULL,'540522'),(2715,'桑日县',290,NULL,NULL,'540523'),(2716,'琼结县',290,NULL,NULL,'540524'),(2717,'曲松县',290,NULL,NULL,'540525'),(2718,'措美县',290,NULL,NULL,'540526'),(2719,'洛扎县',290,NULL,NULL,'540527'),(2720,'加查县',290,NULL,NULL,'540528'),(2721,'隆子县',290,NULL,NULL,'540529'),(2722,'错那县',290,NULL,NULL,'540530'),(2723,'浪卡子县',290,NULL,NULL,'540531'),(2724,'那曲县',291,NULL,NULL,'542421'),(2725,'嘉黎县',291,NULL,NULL,'542422'),(2726,'比如县',291,NULL,NULL,'542423'),(2727,'聂荣县',291,NULL,NULL,'542424'),(2728,'安多县',291,NULL,NULL,'542425'),(2729,'申扎县',291,NULL,NULL,'542426'),(2730,'索县',291,NULL,NULL,'542427'),(2731,'班戈县',291,NULL,NULL,'542428'),(2732,'巴青县',291,NULL,NULL,'542429'),(2733,'尼玛县',291,NULL,NULL,'542430'),(2734,'双湖县',291,NULL,NULL,'542431'),(2735,'普兰县',292,NULL,NULL,'542521'),(2736,'札达县',292,NULL,NULL,'542522'),(2737,'噶尔县',292,NULL,NULL,'542523'),(2738,'日土县',292,NULL,NULL,'542524'),(2739,'革吉县',292,NULL,NULL,'542525'),(2740,'改则县',292,NULL,NULL,'542526'),(2741,'措勤县',292,NULL,NULL,'542527'),(2742,'市辖区',293,NULL,NULL,'610101'),(2743,'新城区',293,NULL,NULL,'610102'),(2744,'碑林区',293,NULL,NULL,'610103'),(2745,'莲湖区',293,NULL,NULL,'610104'),(2746,'灞桥区',293,NULL,NULL,'610111'),(2747,'未央区',293,NULL,NULL,'610112'),(2748,'雁塔区',293,NULL,NULL,'610113'),(2749,'阎良区',293,NULL,NULL,'610114'),(2750,'临潼区',293,NULL,NULL,'610115'),(2751,'长安区',293,NULL,NULL,'610116'),(2752,'高陵区',293,NULL,NULL,'610117'),(2753,'蓝田县',293,NULL,NULL,'610122'),(2754,'周至县',293,NULL,NULL,'610124'),(2755,'户县',293,NULL,NULL,'610125'),(2756,'市辖区',294,NULL,NULL,'610201'),(2757,'王益区',294,NULL,NULL,'610202'),(2758,'印台区',294,NULL,NULL,'610203'),(2759,'耀州区',294,NULL,NULL,'610204'),(2760,'宜君县',294,NULL,NULL,'610222'),(2761,'市辖区',295,NULL,NULL,'610301'),(2762,'渭滨区',295,NULL,NULL,'610302'),(2763,'金台区',295,NULL,NULL,'610303'),(2764,'陈仓区',295,NULL,NULL,'610304'),(2765,'凤翔县',295,NULL,NULL,'610322'),(2766,'岐山县',295,NULL,NULL,'610323'),(2767,'扶风县',295,NULL,NULL,'610324'),(2768,'眉县',295,NULL,NULL,'610326'),(2769,'陇县',295,NULL,NULL,'610327'),(2770,'千阳县',295,NULL,NULL,'610328'),(2771,'麟游县',295,NULL,NULL,'610329'),(2772,'凤县',295,NULL,NULL,'610330'),(2773,'太白县',295,NULL,NULL,'610331'),(2774,'市辖区',296,NULL,NULL,'610401'),(2775,'秦都区',296,NULL,NULL,'610402'),(2776,'杨陵区',296,NULL,NULL,'610403'),(2777,'渭城区',296,NULL,NULL,'610404'),(2778,'三原县',296,NULL,NULL,'610422'),(2779,'泾阳县',296,NULL,NULL,'610423'),(2780,'乾县',296,NULL,NULL,'610424'),(2781,'礼泉县',296,NULL,NULL,'610425'),(2782,'永寿县',296,NULL,NULL,'610426'),(2783,'彬县',296,NULL,NULL,'610427'),(2784,'长武县',296,NULL,NULL,'610428'),(2785,'旬邑县',296,NULL,NULL,'610429'),(2786,'淳化县',296,NULL,NULL,'610430'),(2787,'武功县',296,NULL,NULL,'610431'),(2788,'兴平市',296,NULL,NULL,'610481'),(2789,'市辖区',297,NULL,NULL,'610501'),(2790,'临渭区',297,NULL,NULL,'610502'),(2791,'华州区',297,NULL,NULL,'610503'),(2792,'潼关县',297,NULL,NULL,'610522'),(2793,'大荔县',297,NULL,NULL,'610523'),(2794,'合阳县',297,NULL,NULL,'610524'),(2795,'澄城县',297,NULL,NULL,'610525'),(2796,'蒲城县',297,NULL,NULL,'610526'),(2797,'白水县',297,NULL,NULL,'610527'),(2798,'富平县',297,NULL,NULL,'610528'),(2799,'韩城市',297,NULL,NULL,'610581'),(2800,'华阴市',297,NULL,NULL,'610582'),(2801,'市辖区',298,NULL,NULL,'610601'),(2802,'宝塔区',298,NULL,NULL,'610602'),(2803,'安塞区',298,NULL,NULL,'610603'),(2804,'延长县',298,NULL,NULL,'610621'),(2805,'延川县',298,NULL,NULL,'610622'),(2806,'子长县',298,NULL,NULL,'610623'),(2807,'志丹县',298,NULL,NULL,'610625'),(2808,'吴起县',298,NULL,NULL,'610626'),(2809,'甘泉县',298,NULL,NULL,'610627'),(2810,'富县',298,NULL,NULL,'610628'),(2811,'洛川县',298,NULL,NULL,'610629'),(2812,'宜川县',298,NULL,NULL,'610630'),(2813,'黄龙县',298,NULL,NULL,'610631'),(2814,'黄陵县',298,NULL,NULL,'610632'),(2815,'市辖区',299,NULL,NULL,'610701'),(2816,'汉台区',299,NULL,NULL,'610702'),(2817,'南郑县',299,NULL,NULL,'610721'),(2818,'城固县',299,NULL,NULL,'610722'),(2819,'洋县',299,NULL,NULL,'610723'),(2820,'西乡县',299,NULL,NULL,'610724'),(2821,'勉县',299,NULL,NULL,'610725'),(2822,'宁强县',299,NULL,NULL,'610726'),(2823,'略阳县',299,NULL,NULL,'610727'),(2824,'镇巴县',299,NULL,NULL,'610728'),(2825,'留坝县',299,NULL,NULL,'610729'),(2826,'佛坪县',299,NULL,NULL,'610730'),(2827,'市辖区',300,NULL,NULL,'610801'),(2828,'榆阳区',300,NULL,NULL,'610802'),(2829,'横山区',300,NULL,NULL,'610803'),(2830,'神木县',300,NULL,NULL,'610821'),(2831,'府谷县',300,NULL,NULL,'610822'),(2832,'靖边县',300,NULL,NULL,'610824'),(2833,'定边县',300,NULL,NULL,'610825'),(2834,'绥德县',300,NULL,NULL,'610826'),(2835,'米脂县',300,NULL,NULL,'610827'),(2836,'佳县',300,NULL,NULL,'610828'),(2837,'吴堡县',300,NULL,NULL,'610829'),(2838,'清涧县',300,NULL,NULL,'610830'),(2839,'子洲县',300,NULL,NULL,'610831'),(2840,'市辖区',301,NULL,NULL,'610901'),(2841,'汉滨区',301,NULL,NULL,'610902'),(2842,'汉阴县',301,NULL,NULL,'610921'),(2843,'石泉县',301,NULL,NULL,'610922'),(2844,'宁陕县',301,NULL,NULL,'610923'),(2845,'紫阳县',301,NULL,NULL,'610924'),(2846,'岚皋县',301,NULL,NULL,'610925'),(2847,'平利县',301,NULL,NULL,'610926'),(2848,'镇坪县',301,NULL,NULL,'610927'),(2849,'旬阳县',301,NULL,NULL,'610928'),(2850,'白河县',301,NULL,NULL,'610929'),(2851,'市辖区',302,NULL,NULL,'611001'),(2852,'商州区',302,NULL,NULL,'611002'),(2853,'洛南县',302,NULL,NULL,'611021'),(2854,'丹凤县',302,NULL,NULL,'611022'),(2855,'商南县',302,NULL,NULL,'611023'),(2856,'山阳县',302,NULL,NULL,'611024'),(2857,'镇安县',302,NULL,NULL,'611025'),(2858,'柞水县',302,NULL,NULL,'611026'),(2859,'市辖区',303,NULL,NULL,'620101'),(2860,'城关区',303,NULL,NULL,'620102'),(2861,'七里河区',303,NULL,NULL,'620103'),(2862,'西固区',303,NULL,NULL,'620104'),(2863,'安宁区',303,NULL,NULL,'620105'),(2864,'红古区',303,NULL,NULL,'620111'),(2865,'永登县',303,NULL,NULL,'620121'),(2866,'皋兰县',303,NULL,NULL,'620122'),(2867,'榆中县',303,NULL,NULL,'620123'),(2868,'市辖区',304,NULL,NULL,'620201'),(2869,'市辖区',305,NULL,NULL,'620301'),(2870,'金川区',305,NULL,NULL,'620302'),(2871,'永昌县',305,NULL,NULL,'620321'),(2872,'市辖区',306,NULL,NULL,'620401'),(2873,'白银区',306,NULL,NULL,'620402'),(2874,'平川区',306,NULL,NULL,'620403'),(2875,'靖远县',306,NULL,NULL,'620421'),(2876,'会宁县',306,NULL,NULL,'620422'),(2877,'景泰县',306,NULL,NULL,'620423'),(2878,'市辖区',307,NULL,NULL,'620501'),(2879,'秦州区',307,NULL,NULL,'620502'),(2880,'麦积区',307,NULL,NULL,'620503'),(2881,'清水县',307,NULL,NULL,'620521'),(2882,'秦安县',307,NULL,NULL,'620522'),(2883,'甘谷县',307,NULL,NULL,'620523'),(2884,'武山县',307,NULL,NULL,'620524'),(2885,'张家川回族自治县',307,NULL,NULL,'620525'),(2886,'市辖区',308,NULL,NULL,'620601'),(2887,'凉州区',308,NULL,NULL,'620602'),(2888,'民勤县',308,NULL,NULL,'620621'),(2889,'古浪县',308,NULL,NULL,'620622'),(2890,'天祝藏族自治县',308,NULL,NULL,'620623'),(2891,'市辖区',309,NULL,NULL,'620701'),(2892,'甘州区',309,NULL,NULL,'620702'),(2893,'肃南裕固族自治县',309,NULL,NULL,'620721'),(2894,'民乐县',309,NULL,NULL,'620722'),(2895,'临泽县',309,NULL,NULL,'620723'),(2896,'高台县',309,NULL,NULL,'620724'),(2897,'山丹县',309,NULL,NULL,'620725'),(2898,'市辖区',310,NULL,NULL,'620801'),(2899,'崆峒区',310,NULL,NULL,'620802'),(2900,'泾川县',310,NULL,NULL,'620821'),(2901,'灵台县',310,NULL,NULL,'620822'),(2902,'崇信县',310,NULL,NULL,'620823'),(2903,'华亭县',310,NULL,NULL,'620824'),(2904,'庄浪县',310,NULL,NULL,'620825'),(2905,'静宁县',310,NULL,NULL,'620826'),(2906,'市辖区',311,NULL,NULL,'620901'),(2907,'肃州区',311,NULL,NULL,'620902'),(2908,'金塔县',311,NULL,NULL,'620921'),(2909,'瓜州县',311,NULL,NULL,'620922'),(2910,'肃北蒙古族自治县',311,NULL,NULL,'620923'),(2911,'阿克塞哈萨克族自治县',311,NULL,NULL,'620924'),(2912,'玉门市',311,NULL,NULL,'620981'),(2913,'敦煌市',311,NULL,NULL,'620982'),(2914,'市辖区',312,NULL,NULL,'621001'),(2915,'西峰区',312,NULL,NULL,'621002'),(2916,'庆城县',312,NULL,NULL,'621021'),(2917,'环县',312,NULL,NULL,'621022'),(2918,'华池县',312,NULL,NULL,'621023'),(2919,'合水县',312,NULL,NULL,'621024'),(2920,'正宁县',312,NULL,NULL,'621025'),(2921,'宁县',312,NULL,NULL,'621026'),(2922,'镇原县',312,NULL,NULL,'621027'),(2923,'市辖区',313,NULL,NULL,'621101'),(2924,'安定区',313,NULL,NULL,'621102'),(2925,'通渭县',313,NULL,NULL,'621121'),(2926,'陇西县',313,NULL,NULL,'621122'),(2927,'渭源县',313,NULL,NULL,'621123'),(2928,'临洮县',313,NULL,NULL,'621124'),(2929,'漳县',313,NULL,NULL,'621125'),(2930,'岷县',313,NULL,NULL,'621126'),(2931,'市辖区',314,NULL,NULL,'621201'),(2932,'武都区',314,NULL,NULL,'621202'),(2933,'成县',314,NULL,NULL,'621221'),(2934,'文县',314,NULL,NULL,'621222'),(2935,'宕昌县',314,NULL,NULL,'621223'),(2936,'康县',314,NULL,NULL,'621224'),(2937,'西和县',314,NULL,NULL,'621225'),(2938,'礼县',314,NULL,NULL,'621226'),(2939,'徽县',314,NULL,NULL,'621227'),(2940,'两当县',314,NULL,NULL,'621228'),(2941,'临夏市',315,NULL,NULL,'622901'),(2942,'临夏县',315,NULL,NULL,'622921'),(2943,'康乐县',315,NULL,NULL,'622922'),(2944,'永靖县',315,NULL,NULL,'622923'),(2945,'广河县',315,NULL,NULL,'622924'),(2946,'和政县',315,NULL,NULL,'622925'),(2947,'东乡族自治县',315,NULL,NULL,'622926'),(2949,'合作市',316,NULL,NULL,'623001'),(2950,'临潭县',316,NULL,NULL,'623021'),(2951,'卓尼县',316,NULL,NULL,'623022'),(2952,'舟曲县',316,NULL,NULL,'623023'),(2953,'迭部县',316,NULL,NULL,'623024'),(2954,'玛曲县',316,NULL,NULL,'623025'),(2955,'碌曲县',316,NULL,NULL,'623026'),(2956,'夏河县',316,NULL,NULL,'623027'),(2957,'市辖区',317,NULL,NULL,'630101'),(2958,'城东区',317,NULL,NULL,'630102'),(2959,'城中区',317,NULL,NULL,'630103'),(2960,'城西区',317,NULL,NULL,'630104'),(2961,'城北区',317,NULL,NULL,'630105'),(2962,'大通回族土族自治县',317,NULL,NULL,'630121'),(2963,'湟中县',317,NULL,NULL,'630122'),(2964,'湟源县',317,NULL,NULL,'630123'),(2965,'乐都区',318,NULL,NULL,'630202'),(2966,'平安区',318,NULL,NULL,'630203'),(2967,'民和回族土族自治县',318,NULL,NULL,'630222'),(2968,'互助土族自治县',318,NULL,NULL,'630223'),(2969,'化隆回族自治县',318,NULL,NULL,'630224'),(2970,'循化撒拉族自治县',318,NULL,NULL,'630225'),(2971,'门源回族自治县',319,NULL,NULL,'632221'),(2972,'祁连县',319,NULL,NULL,'632222'),(2973,'海晏县',319,NULL,NULL,'632223'),(2974,'刚察县',319,NULL,NULL,'632224'),(2975,'同仁县',320,NULL,NULL,'632321'),(2976,'尖扎县',320,NULL,NULL,'632322'),(2977,'泽库县',320,NULL,NULL,'632323'),(2978,'河南蒙古族自治县',320,NULL,NULL,'632324'),(2979,'共和县',321,NULL,NULL,'632521'),(2980,'同德县',321,NULL,NULL,'632522'),(2981,'贵德县',321,NULL,NULL,'632523'),(2982,'兴海县',321,NULL,NULL,'632524'),(2983,'贵南县',321,NULL,NULL,'632525'),(2984,'玛沁县',322,NULL,NULL,'632621'),(2985,'班玛县',322,NULL,NULL,'632622'),(2986,'甘德县',322,NULL,NULL,'632623'),(2987,'达日县',322,NULL,NULL,'632624'),(2988,'久治县',322,NULL,NULL,'632625'),(2989,'玛多县',322,NULL,NULL,'632626'),(2990,'玉树市',323,NULL,NULL,'632701'),(2991,'杂多县',323,NULL,NULL,'632722'),(2992,'称多县',323,NULL,NULL,'632723'),(2993,'治多县',323,NULL,NULL,'632724'),(2994,'囊谦县',323,NULL,NULL,'632725'),(2995,'曲麻莱县',323,NULL,NULL,'632726'),(2996,'格尔木市',324,NULL,NULL,'632801'),(2997,'德令哈市',324,NULL,NULL,'632802'),(2998,'乌兰县',324,NULL,NULL,'632821'),(2999,'都兰县',324,NULL,NULL,'632822'),(3000,'天峻县',324,NULL,NULL,'632823'),(3001,'市辖区',325,NULL,NULL,'640101'),(3002,'兴庆区',325,NULL,NULL,'640104'),(3003,'西夏区',325,NULL,NULL,'640105'),(3004,'金凤区',325,NULL,NULL,'640106'),(3005,'永宁县',325,NULL,NULL,'640121'),(3006,'贺兰县',325,NULL,NULL,'640122'),(3007,'灵武市',325,NULL,NULL,'640181'),(3008,'市辖区',326,NULL,NULL,'640201'),(3009,'大武口区',326,NULL,NULL,'640202'),(3010,'惠农区',326,NULL,NULL,'640205'),(3011,'平罗县',326,NULL,NULL,'640221'),(3012,'市辖区',327,NULL,NULL,'640301'),(3013,'利通区',327,NULL,NULL,'640302'),(3014,'红寺堡区',327,NULL,NULL,'640303'),(3015,'盐池县',327,NULL,NULL,'640323'),(3016,'同心县',327,NULL,NULL,'640324'),(3017,'青铜峡市',327,NULL,NULL,'640381'),(3018,'市辖区',328,NULL,NULL,'640401'),(3019,'原州区',328,NULL,NULL,'640402'),(3020,'西吉县',328,NULL,NULL,'640422'),(3021,'隆德县',328,NULL,NULL,'640423'),(3022,'泾源县',328,NULL,NULL,'640424'),(3023,'彭阳县',328,NULL,NULL,'640425'),(3024,'市辖区',329,NULL,NULL,'640501'),(3025,'沙坡头区',329,NULL,NULL,'640502'),(3026,'中宁县',329,NULL,NULL,'640521'),(3027,'海原县',329,NULL,NULL,'640522'),(3028,'市辖区',330,NULL,NULL,'650101'),(3029,'天山区',330,NULL,NULL,'650102'),(3030,'沙依巴克区',330,NULL,NULL,'650103'),(3031,'新市区',330,NULL,NULL,'650104'),(3032,'水磨沟区',330,NULL,NULL,'650105'),(3033,'头屯河区',330,NULL,NULL,'650106'),(3034,'达坂城区',330,NULL,NULL,'650107'),(3035,'米东区',330,NULL,NULL,'650109'),(3036,'乌鲁木齐县',330,NULL,NULL,'650121'),(3037,'市辖区',331,NULL,NULL,'650201'),(3038,'独山子区',331,NULL,NULL,'650202'),(3039,'克拉玛依区',331,NULL,NULL,'650203'),(3040,'白碱滩区',331,NULL,NULL,'650204'),(3041,'乌尔禾区',331,NULL,NULL,'650205'),(3042,'高昌区',332,NULL,NULL,'650402'),(3043,'鄯善县',332,NULL,NULL,'650421'),(3044,'托克逊县',332,NULL,NULL,'650422'),(3045,'伊州区',333,NULL,NULL,'650502'),(3046,'巴里坤哈萨克自治县',333,NULL,NULL,'650521'),(3047,'伊吾县',333,NULL,NULL,'650522'),(3048,'昌吉市',334,NULL,NULL,'652301'),(3049,'阜康市',334,NULL,NULL,'652302'),(3050,'呼图壁县',334,NULL,NULL,'652323'),(3051,'玛纳斯县',334,NULL,NULL,'652324'),(3052,'奇台县',334,NULL,NULL,'652325'),(3053,'吉木萨尔县',334,NULL,NULL,'652327'),(3054,'木垒哈萨克自治县',334,NULL,NULL,'652328'),(3055,'博乐市',335,NULL,NULL,'652701'),(3056,'阿拉山口市',335,NULL,NULL,'652702'),(3057,'精河县',335,NULL,NULL,'652722'),(3058,'温泉县',335,NULL,NULL,'652723'),(3059,'库尔勒市',336,NULL,NULL,'652801'),(3060,'轮台县',336,NULL,NULL,'652822'),(3061,'尉犁县',336,NULL,NULL,'652823'),(3062,'若羌县',336,NULL,NULL,'652824'),(3063,'且末县',336,NULL,NULL,'652825'),(3064,'焉耆回族自治县',336,NULL,NULL,'652826'),(3065,'和静县',336,NULL,NULL,'652827'),(3066,'和硕县',336,NULL,NULL,'652828'),(3067,'博湖县',336,NULL,NULL,'652829'),(3068,'阿克苏市',337,NULL,NULL,'652901'),(3069,'温宿县',337,NULL,NULL,'652922'),(3070,'库车县',337,NULL,NULL,'652923'),(3071,'沙雅县',337,NULL,NULL,'652924'),(3072,'新和县',337,NULL,NULL,'652925'),(3073,'拜城县',337,NULL,NULL,'652926'),(3074,'乌什县',337,NULL,NULL,'652927'),(3075,'阿瓦提县',337,NULL,NULL,'652928'),(3076,'柯坪县',337,NULL,NULL,'652929'),(3077,'阿图什市',338,NULL,NULL,'653001'),(3078,'阿克陶县',338,NULL,NULL,'653022'),(3079,'阿合奇县',338,NULL,NULL,'653023'),(3080,'乌恰县',338,NULL,NULL,'653024'),(3081,'喀什市',339,NULL,NULL,'653101'),(3082,'疏附县',339,NULL,NULL,'653121'),(3083,'疏勒县',339,NULL,NULL,'653122'),(3084,'英吉沙县',339,NULL,NULL,'653123'),(3085,'泽普县',339,NULL,NULL,'653124'),(3086,'莎车县',339,NULL,NULL,'653125'),(3087,'叶城县',339,NULL,NULL,'653126'),(3088,'麦盖提县',339,NULL,NULL,'653127'),(3089,'岳普湖县',339,NULL,NULL,'653128'),(3090,'伽师县',339,NULL,NULL,'653129'),(3091,'巴楚县',339,NULL,NULL,'653130'),(3093,'和田市',340,NULL,NULL,'653201'),(3094,'和田县',340,NULL,NULL,'653221'),(3095,'墨玉县',340,NULL,NULL,'653222'),(3096,'皮山县',340,NULL,NULL,'653223'),(3097,'洛浦县',340,NULL,NULL,'653224'),(3098,'策勒县',340,NULL,NULL,'653225'),(3099,'于田县',340,NULL,NULL,'653226'),(3100,'民丰县',340,NULL,NULL,'653227'),(3101,'伊宁市',341,NULL,NULL,'654002'),(3102,'奎屯市',341,NULL,NULL,'654003'),(3103,'霍尔果斯市',341,NULL,NULL,'654004'),(3104,'伊宁县',341,NULL,NULL,'654021'),(3105,'察布查尔锡伯自治县',341,NULL,NULL,'654022'),(3106,'霍城县',341,NULL,NULL,'654023'),(3107,'巩留县',341,NULL,NULL,'654024'),(3108,'新源县',341,NULL,NULL,'654025'),(3109,'昭苏县',341,NULL,NULL,'654026'),(3110,'特克斯县',341,NULL,NULL,'654027'),(3111,'尼勒克县',341,NULL,NULL,'654028'),(3112,'塔城市',342,NULL,NULL,'654201'),(3113,'乌苏市',342,NULL,NULL,'654202'),(3114,'额敏县',342,NULL,NULL,'654221'),(3115,'沙湾县',342,NULL,NULL,'654223'),(3116,'托里县',342,NULL,NULL,'654224'),(3117,'裕民县',342,NULL,NULL,'654225'),(3118,'和布克赛尔蒙古自治县',342,NULL,NULL,'654226'),(3119,'阿勒泰市',343,NULL,NULL,'654301'),(3120,'布尔津县',343,NULL,NULL,'654321'),(3121,'富蕴县',343,NULL,NULL,'654322'),(3122,'福海县',343,NULL,NULL,'654323'),(3123,'哈巴河县',343,NULL,NULL,'654324'),(3124,'青河县',343,NULL,NULL,'654325'),(3125,'吉木乃县',343,NULL,NULL,'654326'),(3126,'石河子市',344,NULL,NULL,'659001'),(3127,'阿拉尔市',344,NULL,NULL,'659002'),(3128,'图木舒克市',344,NULL,NULL,'659003'),(3129,'五家渠市',344,NULL,NULL,'659004'),(3130,'铁门关市',344,NULL,NULL,'659006');
/*!40000 ALTER TABLE `sys_district` ENABLE KEYS */;
UNLOCK TABLES;

--
-- Table structure for table `sys_example`
--

DROP TABLE IF EXISTS `sys_example`;
/*!40101 SET @saved_cs_client     = @@character_set_client */;
/*!40101 SET character_set_client = utf8 */;
CREATE TABLE `sys_example` (
  `id` bigint(20) NOT NULL AUTO_INCREMENT COMMENT 'id',
  `username` varchar(255) DEFAULT NULL COMMENT '用户名',
  `createdate` datetime DEFAULT NULL,
  `myname` varchar(45) DEFAULT NULL,
  `student_id` bigint(20) DEFAULT NULL,
  PRIMARY KEY (`id`)
) ENGINE=InnoDB AUTO_INCREMENT=14 DEFAULT CHARSET=utf8;
/*!40101 SET character_set_client = @saved_cs_client */;

--
-- Dumping data for table `sys_example`
--

LOCK TABLES `sys_example` WRITE;
/*!40000 ALTER TABLE `sys_example` DISABLE KEYS */;
INSERT INTO `sys_example` VALUES (8,'world2333','2013-12-27 10:04:34',NULL,NULL),(9,'hello',NULL,NULL,NULL),(10,'工','2013-12-18 10:10:35',NULL,NULL),(11,'a','2013-12-03 11:46:05',NULL,NULL),(12,'',NULL,'',NULL),(13,'',NULL,'',NULL);
/*!40000 ALTER TABLE `sys_example` ENABLE KEYS */;
UNLOCK TABLES;

--
-- Table structure for table `sys_menu`
--

DROP TABLE IF EXISTS `sys_menu`;
/*!40101 SET @saved_cs_client     = @@character_set_client */;
/*!40101 SET character_set_client = utf8 */;
CREATE TABLE `sys_menu` (
  `id` bigint(11) NOT NULL AUTO_INCREMENT,
  `level` varchar(200) DEFAULT NULL,
  `name` varchar(200) DEFAULT NULL,
  `href` varchar(200) DEFAULT NULL,
  `rel` varchar(200) DEFAULT NULL,
  `parent_id` bigint(11) DEFAULT NULL,
  `authority_id` bigint(11) DEFAULT NULL,
  `seq` int(11) DEFAULT NULL,
  `show` tinyint(1) DEFAULT '1' COMMENT '是否显示',
  `deleted` tinyint(1) NOT NULL DEFAULT '0' COMMENT '是否删除',
  `icon` varchar(45) DEFAULT NULL COMMENT '图标，是fontawesome.io/icons的样式，内容是fa fa-search这种形式',
  PRIMARY KEY (`id`),
  KEY `a` (`authority_id`),
  KEY `parent` (`parent_id`),
  CONSTRAINT `fk_authority` FOREIGN KEY (`authority_id`) REFERENCES `sys_authority` (`id`) ON DELETE NO ACTION ON UPDATE NO ACTION
) ENGINE=InnoDB AUTO_INCREMENT=319 DEFAULT CHARSET=utf8;
/*!40101 SET character_set_client = @saved_cs_client */;

--
-- Dumping data for table `sys_menu`
--

LOCK TABLES `sys_menu` WRITE;
/*!40000 ALTER TABLE `sys_menu` DISABLE KEYS */;
INSERT INTO `sys_menu` VALUES (1,'1','系统配置','2',NULL,6,NULL,1,1,0,'fa fa-cog'),(5,'2','菜单管理','admin/menu/list',NULL,1,NULL,NULL,1,0,'fa fa-bars'),(6,'0','主菜单',NULL,NULL,NULL,NULL,1,1,0,NULL),(225,'2','示例管理','admin/example/list','1',1,NULL,2,1,0,'fa fa-book'),(263,'2','角色管理','admin/role/list',NULL,1,NULL,0,1,0,'fa fa-key'),(264,'1','用户模块','#',NULL,6,NULL,6,1,0,'fa fa-user'),(303,'2','用户管理','admin/user/list',NULL,264,NULL,1,1,0,'fa fa-user'),(305,'2','权限管理','admin/authority/list',NULL,1,NULL,-3,0,0,NULL),(306,'2','测试一级','adbcd',NULL,1,NULL,1,1,1,NULL),(308,'1','1111','111',NULL,6,NULL,1,0,1,NULL),(309,'1','332','2323',NULL,6,NULL,2,1,1,NULL),(310,'1','bbb','b',NULL,6,NULL,3,0,1,NULL),(311,'2','角色菜单管理','admin/roleMenu/list',NULL,1,NULL,0,0,0,NULL),(312,'2','哈哈','admin/hi/list',NULL,264,NULL,1,0,1,NULL),(313,'2','学生管理','admin/student/list',NULL,1,NULL,100,1,0,'fa fa-child'),(314,'2','员工管理','admin/employee/list',NULL,1,NULL,100,1,0,NULL),(315,'2','学历管理','admin/education/list',NULL,1,NULL,100,1,0,NULL),(316,'2','紧急联系人管理','admin/emergencyContact/list',NULL,1,NULL,100,1,0,NULL),(317,'2','工作经验管理','admin/experience/list',NULL,1,NULL,100,1,0,NULL),(318,'2','家庭成员管理','admin/family/list',NULL,1,NULL,100,1,0,NULL);
/*!40000 ALTER TABLE `sys_menu` ENABLE KEYS */;
UNLOCK TABLES;

--
-- Table structure for table `sys_province`
--

DROP TABLE IF EXISTS `sys_province`;
/*!40101 SET @saved_cs_client     = @@character_set_client */;
/*!40101 SET character_set_client = utf8 */;
CREATE TABLE `sys_province` (
  `id` bigint(20) NOT NULL AUTO_INCREMENT,
  `name` varchar(10) DEFAULT NULL COMMENT '名称',
  `letter` varchar(10) DEFAULT NULL COMMENT '字母',
  `isHot` tinyint(4) DEFAULT '0' COMMENT '是否是热门城市',
  `fullletter` varchar(50) DEFAULT NULL COMMENT '全拼音',
  `code` varchar(45) DEFAULT NULL,
  PRIMARY KEY (`id`)
) ENGINE=InnoDB AUTO_INCREMENT=37 DEFAULT CHARSET=utf8;
/*!40101 SET character_set_client = @saved_cs_client */;

--
-- Dumping data for table `sys_province`
--

LOCK TABLES `sys_province` WRITE;
/*!40000 ALTER TABLE `sys_province` DISABLE KEYS */;
INSERT INTO `sys_province` VALUES (1,'北京',NULL,0,NULL,'110000'),(2,'天津',NULL,0,NULL,'120000'),(3,'河北省',NULL,0,NULL,'130000'),(4,'山西省',NULL,0,NULL,'140000'),(5,'内蒙古自治区',NULL,0,NULL,'150000'),(6,'辽宁省',NULL,0,NULL,'210000'),(7,'吉林省',NULL,0,NULL,'220000'),(8,'黑龙江省',NULL,0,NULL,'230000'),(9,'上海',NULL,0,NULL,'310000'),(10,'江苏省',NULL,0,NULL,'320000'),(11,'浙江省',NULL,0,NULL,'330000'),(12,'安徽省',NULL,0,NULL,'340000'),(13,'福建省',NULL,0,NULL,'350000'),(14,'江西省',NULL,0,NULL,'360000'),(15,'山东省',NULL,0,NULL,'370000'),(16,'河南省',NULL,0,NULL,'410000'),(17,'湖北省',NULL,0,NULL,'420000'),(18,'湖南省',NULL,0,NULL,'430000'),(19,'广东省',NULL,0,NULL,'440000'),(20,'广西壮族自治区',NULL,0,NULL,'450000'),(21,'海南省',NULL,0,NULL,'460000'),(22,'重庆',NULL,0,NULL,'500000'),(23,'四川省',NULL,0,NULL,'510000'),(24,'贵州省',NULL,0,NULL,'520000'),(25,'云南省',NULL,0,NULL,'530000'),(26,'西藏自治区',NULL,0,NULL,'540000'),(27,'陕西省',NULL,0,NULL,'610000'),(28,'甘肃省',NULL,0,NULL,'620000'),(29,'青海省',NULL,0,NULL,'630000'),(30,'宁夏回族自治区',NULL,0,NULL,'640000'),(31,'新疆维吾尔自治区',NULL,0,NULL,'650000'),(32,'台湾省',NULL,0,NULL,'710000'),(33,'香港特别行政区',NULL,0,NULL,'810000'),(34,'澳门特别行政区',NULL,0,NULL,'820000');
/*!40000 ALTER TABLE `sys_province` ENABLE KEYS */;
UNLOCK TABLES;

--
-- Table structure for table `sys_role`
--

DROP TABLE IF EXISTS `sys_role`;
/*!40101 SET @saved_cs_client     = @@character_set_client */;
/*!40101 SET character_set_client = utf8 */;
CREATE TABLE `sys_role` (
  `id` bigint(20) NOT NULL AUTO_INCREMENT,
  `name` varchar(50) DEFAULT NULL COMMENT '角色',
  `description` varchar(255) DEFAULT NULL COMMENT '描述',
  `code` varchar(45) DEFAULT NULL COMMENT '编码',
  `editable` tinyint(1) DEFAULT '1' COMMENT '是否可编辑',
  PRIMARY KEY (`id`)
) ENGINE=InnoDB AUTO_INCREMENT=10 DEFAULT CHARSET=utf8 COMMENT='用户';
/*!40101 SET character_set_client = @saved_cs_client */;

--
-- Dumping data for table `sys_role`
--

LOCK TABLES `sys_role` WRITE;
/*!40000 ALTER TABLE `sys_role` DISABLE KEYS */;
INSERT INTO `sys_role` VALUES (1,'管理员',NULL,'admin',0),(2,'测试角色','测试',NULL,1),(3,'2323','2323',NULL,1),(4,'3333333','',NULL,1),(5,'1111','111',NULL,1),(6,'1111','111',NULL,1),(7,'dfdsf','',NULL,1),(8,'dksfsdfsadfsdf','',NULL,1),(9,'aaaaaaaa','',NULL,1);
/*!40000 ALTER TABLE `sys_role` ENABLE KEYS */;
UNLOCK TABLES;

--
-- Table structure for table `sys_roleauthority`
--

DROP TABLE IF EXISTS `sys_roleauthority`;
/*!40101 SET @saved_cs_client     = @@character_set_client */;
/*!40101 SET character_set_client = utf8 */;
CREATE TABLE `sys_roleauthority` (
  `id` bigint(20) NOT NULL AUTO_INCREMENT,
  `roleid` bigint(20) NOT NULL,
  `authorityid` bigint(20) NOT NULL,
  PRIMARY KEY (`id`),
  KEY `role` (`roleid`),
  KEY `authority` (`authorityid`),
  CONSTRAINT `fk_authorityid` FOREIGN KEY (`authorityid`) REFERENCES `sys_authority` (`id`) ON DELETE NO ACTION ON UPDATE NO ACTION,
  CONSTRAINT `fk_roleid` FOREIGN KEY (`roleid`) REFERENCES `sys_role` (`id`) ON DELETE NO ACTION ON UPDATE NO ACTION
) ENGINE=InnoDB AUTO_INCREMENT=4 DEFAULT CHARSET=utf8;
/*!40101 SET character_set_client = @saved_cs_client */;

--
-- Dumping data for table `sys_roleauthority`
--

LOCK TABLES `sys_roleauthority` WRITE;
/*!40000 ALTER TABLE `sys_roleauthority` DISABLE KEYS */;
INSERT INTO `sys_roleauthority` VALUES (3,1,2);
/*!40000 ALTER TABLE `sys_roleauthority` ENABLE KEYS */;
UNLOCK TABLES;

--
-- Table structure for table `sys_rolemenu`
--

DROP TABLE IF EXISTS `sys_rolemenu`;
/*!40101 SET @saved_cs_client     = @@character_set_client */;
/*!40101 SET character_set_client = utf8 */;
CREATE TABLE `sys_rolemenu` (
  `id` bigint(20) NOT NULL AUTO_INCREMENT,
  `role_id` bigint(20) NOT NULL COMMENT '角色',
  `menu_id` bigint(20) NOT NULL COMMENT '菜单',
  PRIMARY KEY (`id`)
) ENGINE=InnoDB AUTO_INCREMENT=60 DEFAULT CHARSET=utf8;
/*!40101 SET character_set_client = @saved_cs_client */;

--
-- Dumping data for table `sys_rolemenu`
--

LOCK TABLES `sys_rolemenu` WRITE;
/*!40000 ALTER TABLE `sys_rolemenu` DISABLE KEYS */;
INSERT INTO `sys_rolemenu` VALUES (40,1,5),(41,1,305),(42,1,263),(43,1,225),(44,1,303),(45,1,303),(46,1,264),(47,1,313),(48,1,313),(49,1,313),(50,1,313),(51,1,313),(52,1,313),(53,1,313),(54,1,313),(55,1,314),(56,1,315),(57,1,316),(58,1,317),(59,1,318);
/*!40000 ALTER TABLE `sys_rolemenu` ENABLE KEYS */;
UNLOCK TABLES;

--
-- Table structure for table `sys_student`
--

DROP TABLE IF EXISTS `sys_student`;
/*!40101 SET @saved_cs_client     = @@character_set_client */;
/*!40101 SET character_set_client = utf8 */;
CREATE TABLE `sys_student` (
  `id` bigint(20) NOT NULL AUTO_INCREMENT,
  `name` varchar(45) DEFAULT NULL COMMENT '姓名',
  `age` int(11) DEFAULT NULL COMMENT '年龄',
  PRIMARY KEY (`id`)
) ENGINE=InnoDB AUTO_INCREMENT=3 DEFAULT CHARSET=utf8;
/*!40101 SET character_set_client = @saved_cs_client */;

--
-- Dumping data for table `sys_student`
--

LOCK TABLES `sys_student` WRITE;
/*!40000 ALTER TABLE `sys_student` DISABLE KEYS */;
INSERT INTO `sys_student` VALUES (1,'kevin',NULL),(2,'hello',29);
/*!40000 ALTER TABLE `sys_student` ENABLE KEYS */;
UNLOCK TABLES;

--
-- Table structure for table `sys_systemconfig`
--

DROP TABLE IF EXISTS `sys_systemconfig`;
/*!40101 SET @saved_cs_client     = @@character_set_client */;
/*!40101 SET character_set_client = utf8 */;
CREATE TABLE `sys_systemconfig` (
  `id` bigint(20) NOT NULL AUTO_INCREMENT,
  `_key` varchar(50) DEFAULT NULL COMMENT 'key',
  `value` text COMMENT 'value',
  `remark` varchar(255) DEFAULT NULL COMMENT '备注',
  PRIMARY KEY (`id`),
  KEY `key` (`_key`)
) ENGINE=InnoDB DEFAULT CHARSET=utf8 COMMENT='系统参数配置(如地图信息之类的也会存在这里)';
/*!40101 SET character_set_client = @saved_cs_client */;

--
-- Dumping data for table `sys_systemconfig`
--

LOCK TABLES `sys_systemconfig` WRITE;
/*!40000 ALTER TABLE `sys_systemconfig` DISABLE KEYS */;
/*!40000 ALTER TABLE `sys_systemconfig` ENABLE KEYS */;
UNLOCK TABLES;

--
-- Table structure for table `sys_systemlog`
--

DROP TABLE IF EXISTS `sys_systemlog`;
/*!40101 SET @saved_cs_client     = @@character_set_client */;
/*!40101 SET character_set_client = utf8 */;
CREATE TABLE `sys_systemlog` (
  `id` bigint(20) NOT NULL AUTO_INCREMENT,
  `user_id` bigint(20) DEFAULT NULL COMMENT '用户',
  `module` varchar(50) DEFAULT NULL COMMENT '模块',
  `operation` varchar(50) DEFAULT NULL COMMENT '操作',
  `params` text COMMENT '参数',
  `date` datetime DEFAULT NULL COMMENT '时间',
  `url` varchar(255) DEFAULT NULL COMMENT 'url',
  `issuccess` tinyint(1) DEFAULT NULL COMMENT '是否成功',
  `errorMessage` text COMMENT '错误消息',
  `ip` varchar(20) DEFAULT NULL COMMENT 'IP',
  `requestMethod` varchar(20) DEFAULT NULL COMMENT '请求方式',
  `ua` varchar(255) DEFAULT NULL COMMENT 'UserAgent',
  `headers` varchar(5555) DEFAULT NULL,
  PRIMARY KEY (`id`),
  KEY `fk_userid_idx` (`user_id`),
  CONSTRAINT `fk_userid` FOREIGN KEY (`user_id`) REFERENCES `sys_user` (`id`) ON DELETE NO ACTION ON UPDATE NO ACTION
) ENGINE=InnoDB DEFAULT CHARSET=utf8 COMMENT='系统日志';
/*!40101 SET character_set_client = @saved_cs_client */;

--
-- Dumping data for table `sys_systemlog`
--

LOCK TABLES `sys_systemlog` WRITE;
/*!40000 ALTER TABLE `sys_systemlog` DISABLE KEYS */;
/*!40000 ALTER TABLE `sys_systemlog` ENABLE KEYS */;
UNLOCK TABLES;

--
-- Table structure for table `sys_user`
--

DROP TABLE IF EXISTS `sys_user`;
/*!40101 SET @saved_cs_client     = @@character_set_client */;
/*!40101 SET character_set_client = utf8 */;
CREATE TABLE `sys_user` (
  `id` bigint(20) NOT NULL AUTO_INCREMENT,
  `username` varchar(255) DEFAULT NULL COMMENT '用户名',
  `password` varchar(60) DEFAULT NULL COMMENT '密码',
  `nickName` varchar(255) DEFAULT NULL COMMENT '昵称',
  `email` varchar(255) DEFAULT NULL COMMENT '邮箱',
  `type` int(11) NOT NULL DEFAULT '0' COMMENT '类型',
  `deleted` tinyint(1) DEFAULT NULL COMMENT '推荐人',
  `headImage` varchar(255) DEFAULT NULL COMMENT '头像',
  PRIMARY KEY (`id`),
  UNIQUE KEY `username` (`username`)
) ENGINE=InnoDB AUTO_INCREMENT=2 DEFAULT CHARSET=utf8;
/*!40101 SET character_set_client = @saved_cs_client */;

--
-- Dumping data for table `sys_user`
--

LOCK TABLES `sys_user` WRITE;
/*!40000 ALTER TABLE `sys_user` DISABLE KEYS */;
INSERT INTO `sys_user` VALUES (1,'admin','aa7b043b818888f5868936482a6f08be',NULL,NULL,1,0,'http://7xjd68.com1.z0.glb.clouddn.com/a98a346d-a782-4f35-964a-3df11f4171cb');
/*!40000 ALTER TABLE `sys_user` ENABLE KEYS */;
UNLOCK TABLES;

--
-- Table structure for table `sys_userauthority`
--

DROP TABLE IF EXISTS `sys_userauthority`;
/*!40101 SET @saved_cs_client     = @@character_set_client */;
/*!40101 SET character_set_client = utf8 */;
CREATE TABLE `sys_userauthority` (
  `id` bigint(20) NOT NULL AUTO_INCREMENT,
  `userid` bigint(20) NOT NULL,
  `authorityid` bigint(20) NOT NULL,
  PRIMARY KEY (`id`),
  KEY `fk_userid_idx` (`userid`),
  KEY `fk_fk_userid_idx` (`userid`),
  KEY `fk_fk_authority_idx` (`authorityid`),
  CONSTRAINT `fk_fk_authority` FOREIGN KEY (`authorityid`) REFERENCES `sys_authority` (`id`) ON DELETE NO ACTION ON UPDATE NO ACTION,
  CONSTRAINT `fk_fk_userid` FOREIGN KEY (`userid`) REFERENCES `sys_user` (`id`) ON DELETE NO ACTION ON UPDATE NO ACTION
) ENGINE=InnoDB DEFAULT CHARSET=utf8;
/*!40101 SET character_set_client = @saved_cs_client */;

--
-- Dumping data for table `sys_userauthority`
--

LOCK TABLES `sys_userauthority` WRITE;
/*!40000 ALTER TABLE `sys_userauthority` DISABLE KEYS */;
/*!40000 ALTER TABLE `sys_userauthority` ENABLE KEYS */;
UNLOCK TABLES;

--
-- Table structure for table `sys_userrole`
--

DROP TABLE IF EXISTS `sys_userrole`;
/*!40101 SET @saved_cs_client     = @@character_set_client */;
/*!40101 SET character_set_client = utf8 */;
CREATE TABLE `sys_userrole` (
  `id` bigint(20) NOT NULL AUTO_INCREMENT,
  `roleid` bigint(20) NOT NULL COMMENT '角色',
  `userid` bigint(20) NOT NULL COMMENT '用户',
  PRIMARY KEY (`id`),
  KEY `userid` (`userid`),
  KEY `roleid` (`roleid`),
  CONSTRAINT `fk_role` FOREIGN KEY (`roleid`) REFERENCES `sys_role` (`id`) ON DELETE NO ACTION ON UPDATE NO ACTION,
  CONSTRAINT `fk_user` FOREIGN KEY (`userid`) REFERENCES `sys_user` (`id`) ON DELETE NO ACTION ON UPDATE NO ACTION
) ENGINE=InnoDB AUTO_INCREMENT=41 DEFAULT CHARSET=utf8 COMMENT='用户-角色';
/*!40101 SET character_set_client = @saved_cs_client */;

--
-- Dumping data for table `sys_userrole`
--

LOCK TABLES `sys_userrole` WRITE;
/*!40000 ALTER TABLE `sys_userrole` DISABLE KEYS */;
INSERT INTO `sys_userrole` VALUES (40,1,1);
/*!40000 ALTER TABLE `sys_userrole` ENABLE KEYS */;
UNLOCK TABLES;
/*!40103 SET TIME_ZONE=@OLD_TIME_ZONE */;

/*!40101 SET SQL_MODE=@OLD_SQL_MODE */;
/*!40014 SET FOREIGN_KEY_CHECKS=@OLD_FOREIGN_KEY_CHECKS */;
/*!40014 SET UNIQUE_CHECKS=@OLD_UNIQUE_CHECKS */;
/*!40101 SET CHARACTER_SET_CLIENT=@OLD_CHARACTER_SET_CLIENT */;
/*!40101 SET CHARACTER_SET_RESULTS=@OLD_CHARACTER_SET_RESULTS */;
/*!40101 SET COLLATION_CONNECTION=@OLD_COLLATION_CONNECTION */;
/*!40111 SET SQL_NOTES=@OLD_SQL_NOTES */;

-- Dump completed on 2018-03-06 17:24:36
